,time,temp,dwpt,rhum,prcp,snow,wdir,wspd,wpgt,pres,tsun,coco
0,2023-02-20 00:00:00,0.2,-0.2,97.0,0.0,0.0,242.0,7.2,0.0,1026.6,0.0,5
1,2023-02-20 01:00:00,0.6,0.5,99.0,0.0,0.0,235.0,7.2,0.0,1026.9,0.0,5
2,2023-02-20 02:00:00,0.4,0.3,99.0,0.0,0.0,190.0,6.8,0.0,1027.6,0.0,5
3,2023-02-20 03:00:00,0.6,0.5,99.0,0.0,0.0,131.0,4.3,0.0,1027.8,0.0,5
4,2023-02-20 04:00:00,0.5,0.2,98.0,0.0,0.0,150.0,3.6,0.0,1028.2,0.0,5
5,2023-02-20 05:00:00,0.3,0.0,98.0,0.0,0.0,219.0,3.6,0.0,1028.6,0.0,5
6,2023-02-20 06:00:00,1.1,1.0,99.0,0.0,0.0,181.0,4.3,0.0,1028.6,0.0,5
7,2023-02-20 07:00:00,1.0,0.9,99.0,0.0,0.0,270.0,3.6,0.0,1028.9,0.0,5
8,2023-02-20 08:00:00,1.7,1.4,98.0,0.0,0.0,342.0,4.0,0.0,1029.7,0.0,5
9,2023-02-20 09:00:00,3.2,2.3,94.0,0.0,0.0,310.0,2.5,0.0,1029.6,0.0,5
10,2023-02-20 10:00:00,5.5,3.2,85.0,0.0,0.0,152.0,2.5,0.0,1029.1,0.0,5
11,2023-02-20 11:00:00,7.2,4.5,83.0,0.0,0.0,11.0,3.2,0.0,1028.3,0.0,3
12,2023-02-20 12:00:00,9.7,5.3,74.0,0.0,0.0,42.0,4.0,0.0,1027.1,0.0,3
13,2023-02-20 13:00:00,12.1,5.9,66.0,0.0,0.0,51.0,4.7,0.0,1025.6,0.0,3
14,2023-02-20 14:00:00,13.9,6.5,61.0,0.0,0.0,356.0,9.4,0.0,1024.2,0.0,3
15,2023-02-20 15:00:00,14.5,6.3,58.0,0.0,0.0,259.0,15.8,0.0,1023.5,0.0,3
16,2023-02-20 16:00:00,12.2,5.6,64.0,0.0,0.0,244.0,15.1,0.0,1023.4,0.0,3
17,2023-02-20 17:00:00,9.8,5.6,75.0,0.0,0.0,253.0,11.5,0.0,1023.7,0.0,3
18,2023-02-20 18:00:00,6.3,4.1,86.0,0.0,0.0,249.0,9.7,0.0,1024.0,0.0,2
19,2023-02-20 19:00:00,5.0,3.8,92.0,0.0,0.0,236.0,10.4,0.0,1024.1,0.0,1
20,2023-02-20 20:00:00,4.2,3.3,94.0,0.0,0.0,239.0,12.6,0.0,1024.2,0.0,1
21,2023-02-20 21:00:00,4.9,3.6,91.0,0.0,0.0,243.0,13.0,0.0,1023.9,0.0,1
22,2023-02-20 22:00:00,4.1,2.9,92.0,0.0,0.0,244.0,11.9,0.0,1023.9,0.0,2
23,2023-02-20 23:00:00,3.3,2.3,93.0,0.0,0.0,248.0,11.5,0.0,1023.4,0.0,1
24,2023-02-21 00:00:00,2.5,1.6,94.0,0.0,0.0,236.0,10.8,0.0,1023.0,0.0,2
25,2023-02-21 01:00:00,2.1,1.2,94.0,0.0,0.0,240.0,11.9,0.0,1022.6,0.0,3
26,2023-02-21 02:00:00,2.1,1.2,94.0,0.0,0.0,257.0,13.3,0.0,1022.3,0.0,3
27,2023-02-21 03:00:00,2.3,1.1,92.0,0.0,0.0,265.0,13.0,0.0,1022.2,0.0,3
28,2023-02-21 04:00:00,2.7,1.5,92.0,0.0,0.0,254.0,13.0,0.0,1021.9,0.0,3
29,2023-02-21 05:00:00,3.6,2.4,92.0,0.0,0.0,249.0,13.0,0.0,1021.7,0.0,3
30,2023-02-21 06:00:00,3.8,2.8,93.0,0.0,0.0,248.0,12.2,0.0,1021.3,0.0,3
31,2023-02-21 07:00:00,3.3,2.1,92.0,0.0,0.0,249.0,13.0,0.0,1020.8,0.0,3
32,2023-02-21 08:00:00,4.9,3.9,93.0,0.0,0.0,242.0,13.0,0.0,1021.3,0.0,3
33,2023-02-21 09:00:00,8.0,5.3,83.0,0.0,0.0,257.0,14.0,0.0,1021.3,0.0,3
34,2023-02-21 10:00:00,10.0,6.2,77.0,0.0,0.0,260.0,16.6,0.0,1021.2,0.0,3
35,2023-02-21 11:00:00,11.5,6.2,70.0,0.0,0.0,258.0,15.1,0.0,1020.9,0.0,3
36,2023-02-21 12:00:00,12.1,5.9,66.0,0.0,0.0,258.0,15.8,0.0,1020.6,0.0,2
37,2023-02-21 13:00:00,12.8,5.9,63.0,0.0,0.0,254.0,14.0,0.0,1019.8,0.0,1
38,2023-02-21 14:00:00,13.3,5.9,61.0,0.0,0.0,252.0,13.3,0.0,1018.9,0.0,1
39,2023-02-21 15:00:00,13.3,5.7,60.0,0.0,0.0,251.0,12.6,0.0,1018.4,0.0,3
40,2023-02-21 16:00:00,12.7,5.6,62.0,0.0,0.0,248.0,12.6,0.0,1018.1,0.0,3
41,2023-02-21 17:00:00,10.0,5.8,75.0,0.0,0.0,253.0,11.2,0.0,1018.6,0.0,3
42,2023-02-21 18:00:00,7.5,4.8,83.0,0.0,0.0,250.0,11.2,0.0,1019.3,0.0,3
43,2023-02-21 19:00:00,6.3,4.6,89.0,0.0,0.0,248.0,11.2,0.0,1019.9,0.0,3
44,2023-02-21 20:00:00,4.8,3.9,94.0,0.0,0.0,249.0,11.2,0.0,1020.0,0.0,3
45,2023-02-21 21:00:00,3.6,3.0,96.0,0.0,0.0,258.0,10.1,0.0,1020.3,0.0,3
46,2023-02-21 22:00:00,3.6,3.0,96.0,0.0,0.0,272.0,11.5,0.0,1020.6,0.0,3
47,2023-02-21 23:00:00,4.0,3.6,97.0,0.0,0.0,268.0,10.8,0.0,1020.4,0.0,3
48,2023-02-22 00:00:00,3.1,3.0,99.0,0.0,0.0,272.0,9.7,0.0,1020.3,0.0,3
49,2023-02-22 01:00:00,3.1,3.0,99.0,0.0,0.0,277.0,9.4,0.0,1020.3,0.0,5
50,2023-02-22 02:00:00,3.2,3.2,100.0,0.0,0.0,285.0,8.3,0.0,1020.4,0.0,5
51,2023-02-22 03:00:00,2.8,2.7,99.0,0.0,0.0,280.0,8.3,0.0,1019.6,0.0,5
52,2023-02-22 04:00:00,2.4,2.4,100.0,0.0,0.0,307.0,7.2,0.0,1019.5,0.0,5
53,2023-02-22 05:00:00,2.8,2.8,100.0,0.0,0.0,331.0,5.8,0.0,1019.5,0.0,5
54,2023-02-22 06:00:00,2.6,2.5,99.0,0.0,0.0,316.0,5.8,0.0,1019.6,0.0,5
55,2023-02-22 07:00:00,2.5,2.4,99.0,0.0,0.0,317.0,5.4,0.0,1019.7,0.0,5
56,2023-02-22 08:00:00,2.7,2.4,98.0,0.0,0.0,286.0,5.0,0.0,1020.0,0.0,5
57,2023-02-22 09:00:00,4.7,4.0,95.0,0.0,0.0,233.0,5.4,0.0,1020.2,0.0,5
58,2023-02-22 10:00:00,7.0,4.5,84.0,0.0,0.0,241.0,4.7,0.0,1019.8,0.0,5
59,2023-02-22 11:00:00,9.0,5.4,78.0,0.0,0.0,330.0,4.3,0.0,1019.3,0.0,3
60,2023-02-22 12:00:00,10.9,5.6,70.0,0.0,0.0,320.0,4.7,0.0,1018.4,0.0,3
61,2023-02-22 13:00:00,12.3,5.5,63.0,0.0,0.0,339.0,5.0,0.0,1017.1,0.0,3
62,2023-02-22 14:00:00,13.1,5.3,59.0,0.0,0.0,350.0,5.0,0.0,1016.2,0.0,3
63,2023-02-22 15:00:00,13.4,5.3,58.0,0.0,0.0,348.0,4.7,0.0,1015.6,0.0,3
64,2023-02-22 16:00:00,13.1,6.0,62.0,0.0,0.0,21.0,5.0,0.0,1015.1,0.0,3
65,2023-02-22 17:00:00,11.1,5.2,67.0,0.0,0.0,28.0,7.2,0.0,1015.1,0.0,3
66,2023-02-22 18:00:00,6.8,1.9,71.0,0.0,0.0,253.0,9.4,0.0,1015.5,0.0,3
67,2023-02-22 19:00:00,5.0,2.2,82.0,0.0,0.0,259.0,9.0,0.0,1016.1,0.0,3
68,2023-02-22 20:00:00,4.5,2.4,86.0,0.0,0.0,246.0,9.0,0.0,1016.5,0.0,3
69,2023-02-22 21:00:00,4.3,2.8,90.0,0.0,0.0,260.0,9.0,0.0,1016.8,0.0,3
70,2023-02-22 22:00:00,4.0,2.8,92.0,0.0,0.0,258.0,8.6,0.0,1017.2,0.0,3
71,2023-02-22 23:00:00,3.4,2.2,92.0,0.0,0.0,258.0,6.5,0.0,1016.7,0.0,3
72,2023-02-23 00:00:00,3.0,2.0,93.0,0.0,0.0,238.0,5.8,0.0,1016.8,0.0,3
73,2023-02-23 01:00:00,2.2,1.3,94.0,0.0,0.0,227.0,6.5,0.0,1016.5,0.0,3
74,2023-02-23 02:00:00,1.6,0.7,94.0,0.0,0.0,233.0,7.2,0.0,1016.3,0.0,2
75,2023-02-23 03:00:00,0.8,0.1,95.0,0.0,0.0,245.0,6.1,0.0,1016.0,0.0,3
76,2023-02-23 04:00:00,0.6,-0.1,95.0,0.0,0.0,230.0,5.8,0.0,1015.9,0.0,2
77,2023-02-23 05:00:00,0.0,-0.6,96.0,0.0,0.0,245.0,5.8,0.0,1015.9,0.0,1
78,2023-02-23 06:00:00,-0.3,-1.0,95.0,0.0,0.0,249.0,5.4,0.0,1016.1,0.0,2
79,2023-02-23 07:00:00,0.0,-0.7,95.0,0.0,0.0,293.0,5.0,0.0,1016.1,0.0,2
80,2023-02-23 08:00:00,1.7,0.2,90.0,0.0,0.0,317.0,5.0,0.0,1016.9,0.0,3
81,2023-02-23 09:00:00,4.2,2.1,86.0,0.0,0.0,217.0,3.6,0.0,1017.0,0.0,3
82,2023-02-23 10:00:00,6.2,2.8,79.0,0.0,0.0,66.0,3.6,0.0,1016.9,0.0,3
83,2023-02-23 11:00:00,8.5,3.7,72.0,0.0,0.0,56.0,4.7,0.0,1016.8,0.0,3
84,2023-02-23 12:00:00,9.7,4.1,68.0,0.0,0.0,62.0,5.0,0.0,1016.4,0.0,3
85,2023-02-23 13:00:00,10.5,4.4,66.0,0.0,0.0,65.0,4.7,0.0,1015.7,0.0,3
86,2023-02-23 14:00:00,10.8,4.3,64.0,0.0,0.0,49.0,6.5,0.0,1015.4,0.0,3
87,2023-02-23 15:00:00,11.2,4.4,63.0,0.0,0.0,64.0,6.5,0.0,1015.0,0.0,3
88,2023-02-23 16:00:00,11.2,4.9,65.0,0.0,0.0,78.0,6.5,0.0,1014.8,0.0,3
89,2023-02-23 17:00:00,9.6,5.2,74.0,0.0,0.0,90.0,6.8,0.0,1014.6,0.0,3
90,2023-02-23 18:00:00,7.2,3.8,79.0,0.0,0.0,69.0,6.8,0.0,1015.0,0.0,3
91,2023-02-23 19:00:00,5.3,3.3,87.0,0.0,0.0,286.0,6.8,0.0,1015.4,0.0,2
92,2023-02-23 20:00:00,3.8,2.5,91.0,0.0,0.0,302.0,6.8,0.0,1015.7,0.0,2
93,2023-02-23 21:00:00,2.5,1.6,94.0,0.0,0.0,290.0,7.6,0.0,1015.9,0.0,1
94,2023-02-23 22:00:00,2.0,1.3,95.0,0.0,0.0,270.0,9.0,0.0,1016.3,0.0,5
95,2023-02-23 23:00:00,2.3,1.4,94.0,0.0,0.0,249.0,8.6,0.0,1016.4,0.0,5
96,2023-02-24 00:00:00,1.8,1.2,96.0,0.0,0.0,274.0,8.3,0.0,1016.3,0.0,5
97,2023-02-24 01:00:00,1.5,1.1,97.0,0.0,0.0,318.0,6.5,0.0,1015.9,0.0,5
98,2023-02-24 02:00:00,2.1,1.4,95.0,0.0,0.0,307.0,7.2,0.0,1015.4,0.0,5
99,2023-02-24 03:00:00,2.5,1.6,94.0,0.0,0.0,312.0,7.6,0.0,1014.9,0.0,5
100,2023-02-24 04:00:00,2.9,2.0,94.0,0.0,0.0,323.0,6.8,0.0,1014.3,0.0,5
101,2023-02-24 05:00:00,3.4,2.4,93.0,0.0,0.0,320.0,7.6,0.0,1014.0,0.0,5
102,2023-02-24 06:00:00,3.0,2.1,94.0,0.0,0.0,271.0,8.3,0.0,1014.1,0.0,5
103,2023-02-24 07:00:00,3.3,2.3,93.0,0.0,0.0,290.0,8.3,0.0,1013.6,0.0,5
104,2023-02-24 08:00:00,4.0,3.0,93.0,0.0,0.0,354.0,8.6,0.0,1013.8,0.0,3
105,2023-02-24 09:00:00,6.6,4.1,84.0,0.0,0.0,336.0,13.3,0.0,1013.5,0.0,3
106,2023-02-24 10:00:00,8.3,4.9,79.0,0.0,0.0,304.0,16.6,0.0,1012.9,0.0,3
107,2023-02-24 11:00:00,9.5,5.3,75.0,0.0,0.0,278.0,18.4,0.0,1012.6,0.0,3
108,2023-02-24 12:00:00,10.6,5.6,71.0,0.0,0.0,260.0,19.8,0.0,1011.7,0.0,3
109,2023-02-24 13:00:00,11.0,5.3,68.0,0.0,0.0,257.0,20.5,0.0,1010.5,0.0,3
110,2023-02-24 14:00:00,11.6,4.8,63.0,0.0,0.0,253.0,22.3,0.0,1009.4,0.0,3
111,2023-02-24 15:00:00,11.6,5.0,64.0,0.0,0.0,250.0,20.9,0.0,1008.6,0.0,3
112,2023-02-24 16:00:00,11.2,4.6,64.0,0.0,0.0,250.0,18.4,0.0,1008.0,0.0,3
113,2023-02-24 17:00:00,10.1,4.9,70.0,0.0,0.0,251.0,13.3,0.0,1007.4,0.0,3
114,2023-02-24 18:00:00,8.4,4.8,78.0,0.0,0.0,251.0,11.5,0.0,1007.5,0.0,3
115,2023-02-24 19:00:00,8.1,5.2,82.0,0.0,0.0,253.0,10.8,0.0,1007.7,0.0,3
116,2023-02-24 20:00:00,7.7,5.5,86.0,0.0,0.0,245.0,10.8,0.0,1007.4,0.0,3
117,2023-02-24 21:00:00,7.3,5.3,87.0,0.0,0.0,230.0,12.6,0.0,1007.0,0.0,3
118,2023-02-24 22:00:00,6.9,4.9,87.0,0.0,0.0,221.0,13.3,0.0,1006.6,0.0,3
119,2023-02-24 23:00:00,7.0,4.7,85.0,0.0,0.0,230.0,14.0,0.0,1006.0,0.0,3
120,2023-02-25 00:00:00,6.2,4.4,88.0,0.0,0.0,224.0,12.6,0.0,1005.4,0.0,3
121,2023-02-25 01:00:00,5.8,4.3,90.0,0.0,0.0,221.0,13.3,0.0,1004.5,0.0,3
122,2023-02-25 02:00:00,6.4,4.7,89.0,0.0,0.0,234.0,14.4,0.0,1003.3,0.0,3
123,2023-02-25 03:00:00,7.4,5.2,86.0,0.0,0.0,261.0,16.9,0.0,1002.1,0.0,3
124,2023-02-25 04:00:00,7.7,5.7,87.0,0.0,0.0,281.0,18.7,0.0,1001.2,0.0,3
125,2023-02-25 05:00:00,7.6,5.7,88.0,0.0,0.0,283.0,18.0,0.0,1000.8,0.0,3
126,2023-02-25 06:00:00,7.2,5.5,89.0,0.1,0.0,265.0,18.7,0.0,1000.8,0.0,7
127,2023-02-25 07:00:00,6.4,5.2,92.0,0.0,0.0,345.0,13.0,0.0,1001.1,0.0,3
128,2023-02-25 08:00:00,6.3,5.6,95.0,0.4,0.0,316.0,11.9,0.0,1001.9,0.0,8
129,2023-02-25 09:00:00,6.7,5.6,93.0,0.3,0.0,237.0,11.2,0.0,1002.4,0.0,8
130,2023-02-25 10:00:00,7.4,6.5,94.0,0.4,0.0,202.0,11.2,0.0,1002.3,0.0,8
131,2023-02-25 11:00:00,8.4,7.2,92.0,0.3,0.0,216.0,10.8,0.0,1002.3,0.0,8
132,2023-02-25 12:00:00,9.8,7.9,88.0,0.0,0.0,263.0,13.0,0.0,1001.1,0.0,3
133,2023-02-25 13:00:00,10.0,7.8,86.0,0.5,0.0,286.0,13.7,0.0,1000.6,0.0,8
134,2023-02-25 14:00:00,10.6,8.0,84.0,0.2,0.0,9.0,11.9,0.0,1000.1,0.0,17
135,2023-02-25 15:00:00,9.9,7.7,86.0,1.4,0.0,43.0,8.6,0.0,1000.0,0.0,9
136,2023-02-25 16:00:00,9.3,7.6,89.0,0.8,0.0,89.0,7.9,0.0,1000.1,0.0,17
137,2023-02-25 17:00:00,7.5,5.8,89.0,1.8,0.0,108.0,14.8,0.0,1001.0,0.0,9
138,2023-02-25 18:00:00,5.1,4.1,93.0,3.2,0.0,96.0,12.2,0.0,1002.0,0.0,9
139,2023-02-25 19:00:00,5.2,4.8,97.0,2.5,0.0,42.0,10.4,0.0,1002.8,0.0,9
140,2023-02-25 20:00:00,5.7,4.7,93.0,1.7,0.0,66.0,14.0,0.0,1003.1,0.0,9
141,2023-02-25 21:00:00,4.4,3.8,96.0,1.4,0.0,87.0,12.6,0.0,1003.9,0.0,9
142,2023-02-25 22:00:00,4.6,4.0,96.0,1.2,0.0,86.0,12.6,0.0,1004.2,0.0,9
143,2023-02-25 23:00:00,3.1,3.0,99.0,2.0,0.0,97.0,12.6,0.0,1004.9,0.0,9
144,2023-02-26 00:00:00,2.3,2.3,100.0,1.4,0.0,116.0,13.0,0.0,1005.6,0.0,9
145,2023-02-26 01:00:00,1.8,1.8,100.0,1.0,0.0,116.0,14.4,0.0,1005.9,0.0,9
146,2023-02-26 02:00:00,1.7,1.7,100.0,0.9,0.0,103.0,13.7,0.0,1006.1,0.0,8
147,2023-02-26 03:00:00,1.7,1.4,98.0,0.8,0.0,79.0,11.9,0.0,1005.5,0.0,8
148,2023-02-26 04:00:00,1.4,1.3,99.0,0.6,0.0,87.0,12.6,0.0,1005.9,0.0,12
149,2023-02-26 05:00:00,1.2,0.8,97.0,0.7,0.0,88.0,15.1,0.0,1006.4,0.0,12
150,2023-02-26 06:00:00,1.0,0.3,95.0,0.6,0.0,92.0,15.1,0.0,1006.7,0.0,12
151,2023-02-26 07:00:00,0.8,-0.1,94.0,0.4,0.0,96.0,15.5,0.0,1007.5,0.0,12
152,2023-02-26 08:00:00,1.0,-0.5,90.0,0.4,0.0,93.0,14.8,0.0,1008.1,0.0,12
153,2023-02-26 09:00:00,1.4,-0.8,85.0,0.1,0.0,101.0,14.0,0.0,1008.7,0.0,12
154,2023-02-26 10:00:00,2.3,-1.7,75.0,0.0,0.0,99.0,13.3,0.0,1008.8,0.0,3
155,2023-02-26 11:00:00,3.2,-3.2,63.0,0.1,0.0,82.0,18.4,0.0,1009.0,0.0,12
156,2023-02-26 12:00:00,3.8,-6.2,48.0,0.0,0.0,66.0,20.9,0.0,1009.3,0.0,3
157,2023-02-26 13:00:00,2.9,-5.0,56.0,0.0,0.0,70.0,22.3,0.0,1009.1,0.0,3
158,2023-02-26 14:00:00,2.9,-5.5,54.0,0.0,0.0,67.0,21.6,0.0,1009.5,0.0,3
159,2023-02-26 15:00:00,2.7,-5.4,55.0,0.0,0.0,67.0,19.1,0.0,1009.8,0.0,3
160,2023-02-26 16:00:00,2.5,-5.2,57.0,0.0,0.0,72.0,18.0,0.0,1010.0,0.0,3
161,2023-02-26 17:00:00,2.1,-4.9,60.0,0.0,0.0,82.0,18.0,0.0,1011.0,0.0,3
162,2023-02-26 18:00:00,1.5,-4.0,67.0,0.2,0.0,89.0,16.9,0.0,1012.4,0.0,14
163,2023-02-26 19:00:00,1.1,-3.6,71.0,0.2,0.0,96.0,17.3,0.0,1013.5,0.0,14
164,2023-02-26 20:00:00,0.7,-3.6,73.0,0.3,0.0,94.0,17.6,0.0,1014.0,0.0,15
165,2023-02-26 21:00:00,0.5,-3.8,73.0,0.3,0.0,94.0,17.6,0.0,1014.5,0.0,15
166,2023-02-26 22:00:00,0.4,-4.2,71.0,0.2,0.0,85.0,16.9,0.0,1015.2,0.0,14
167,2023-02-26 23:00:00,-0.3,-4.4,74.0,0.0,0.0,101.0,14.8,0.0,1016.4,0.0,3
168,2023-02-27 00:00:00,-0.5,-4.7,73.0,0.1,0.0,105.0,13.7,0.0,1017.2,0.0,14
169,2023-02-27 01:00:00,-0.8,-5.0,73.0,0.0,0.0,108.0,13.0,0.0,1017.6,0.0,3
170,2023-02-27 02:00:00,-1.2,-5.4,73.0,0.0,0.0,108.0,12.2,0.0,1018.1,0.0,3
171,2023-02-27 03:00:00,-1.5,-5.7,73.0,0.0,0.0,120.0,11.9,0.0,1018.3,0.0,3
172,2023-02-27 04:00:00,-0.3,-6.7,62.0,0.0,0.0,126.0,12.2,0.0,1018.9,0.0,3
173,2023-02-27 05:00:00,-0.6,-7.0,62.0,0.0,0.0,130.0,12.6,0.0,1019.6,0.0,3
174,2023-02-27 06:00:00,-0.7,-7.1,62.0,0.0,0.0,112.0,13.7,0.0,1020.2,0.0,3
175,2023-02-27 07:00:00,-0.7,-7.1,62.0,0.0,0.0,113.0,13.0,0.0,1020.8,0.0,3
176,2023-02-27 08:00:00,-0.4,-6.8,62.0,0.0,0.0,112.0,12.2,0.0,1021.4,0.0,3
177,2023-02-27 09:00:00,1.1,-7.4,53.0,0.0,0.0,95.0,16.2,0.0,1021.6,0.0,3
178,2023-02-27 10:00:00,2.0,-7.3,50.0,0.0,0.0,84.0,17.3,0.0,1021.6,0.0,3
179,2023-02-27 11:00:00,3.2,-7.3,46.0,0.0,0.0,85.0,20.9,0.0,1021.6,0.0,3
180,2023-02-27 12:00:00,3.8,-7.1,45.0,0.0,0.0,85.0,21.2,0.0,1021.5,0.0,3
181,2023-02-27 13:00:00,4.6,-6.9,43.0,0.0,0.0,81.0,22.0,0.0,1020.7,0.0,3
182,2023-02-27 14:00:00,4.6,-6.3,45.0,0.0,0.0,84.0,21.6,0.0,1021.0,0.0,3
183,2023-02-27 15:00:00,4.1,-6.5,46.0,0.0,0.0,86.0,19.1,0.0,1021.1,0.0,3
184,2023-02-27 16:00:00,3.7,-6.6,47.0,0.0,0.0,88.0,17.6,0.0,1021.2,0.0,3
185,2023-02-27 17:00:00,2.9,-6.5,50.0,0.0,0.0,93.0,15.1,0.0,1021.8,0.0,3
186,2023-02-27 18:00:00,2.0,-6.6,53.0,0.0,0.0,94.0,15.1,0.0,1022.8,0.0,3
187,2023-02-27 19:00:00,1.9,-6.7,53.0,0.0,0.0,98.0,15.5,0.0,1023.9,0.0,3
188,2023-02-27 20:00:00,1.4,-6.2,57.0,0.0,0.0,90.0,15.8,0.0,1024.5,0.0,3
189,2023-02-27 21:00:00,0.9,-6.0,60.0,0.0,0.0,94.0,14.8,0.0,1025.2,0.0,3
190,2023-02-27 22:00:00,0.6,-5.8,62.0,0.0,0.0,90.0,13.7,0.0,1025.8,0.0,3
191,2023-02-27 23:00:00,0.5,-5.9,62.0,0.0,0.0,87.0,12.6,0.0,1026.0,0.0,3
192,2023-02-28 00:00:00,-0.1,-5.3,68.0,0.0,0.0,82.0,11.9,0.0,1026.5,0.0,3
193,2023-02-28 01:00:00,-0.1,-5.3,68.0,0.0,0.0,82.0,11.5,0.0,1026.4,0.0,3
194,2023-02-28 02:00:00,-0.2,-5.6,67.0,0.0,0.0,92.0,11.5,0.0,1026.4,0.0,3
195,2023-02-28 03:00:00,-0.2,-5.6,67.0,0.0,0.0,83.0,11.5,0.0,1026.2,0.0,3
196,2023-02-28 04:00:00,-0.2,-5.4,68.0,0.0,0.0,76.0,11.9,0.0,1026.2,0.0,3
197,2023-02-28 05:00:00,-0.1,-5.1,69.0,0.0,0.0,78.0,11.9,0.0,1026.4,0.0,3
198,2023-02-28 06:00:00,-0.2,-4.8,71.0,0.0,0.0,78.0,13.0,0.0,1026.4,0.0,3
199,2023-02-28 07:00:00,-0.2,-4.5,73.0,0.0,0.0,78.0,13.3,0.0,1026.9,0.0,3
200,2023-02-28 08:00:00,0.0,-4.3,73.0,0.0,0.0,81.0,14.0,0.0,1027.4,0.0,3
201,2023-02-28 09:00:00,0.3,-4.2,72.0,0.0,0.0,77.0,15.5,0.0,1027.6,0.0,3
202,2023-02-28 10:00:00,1.1,-4.0,69.0,0.0,0.0,79.0,17.3,0.0,1027.6,0.0,3
203,2023-02-28 11:00:00,1.9,-4.0,65.0,0.0,0.0,82.0,17.3,0.0,1027.7,0.0,3
204,2023-02-28 12:00:00,2.9,-3.7,62.0,0.0,0.0,83.0,16.9,0.0,1027.3,0.0,3
205,2023-02-28 13:00:00,3.4,-3.6,60.0,0.0,0.0,84.0,16.6,0.0,1026.6,0.0,3
206,2023-02-28 14:00:00,3.8,-3.5,59.0,0.0,0.0,83.0,16.9,0.0,1025.9,0.0,3
207,2023-02-28 15:00:00,3.9,-3.4,59.0,0.0,0.0,86.0,16.9,0.0,1025.3,0.0,3
208,2023-02-28 16:00:00,3.6,-3.0,62.0,0.0,0.0,89.0,16.9,0.0,1025.6,0.0,3
209,2023-02-28 17:00:00,3.0,-3.1,64.0,0.0,0.0,88.0,15.1,0.0,1025.6,0.0,3
210,2023-02-28 18:00:00,2.4,-3.1,67.0,0.0,0.0,86.0,13.7,0.0,1026.1,0.0,3
211,2023-02-28 19:00:00,2.2,-3.1,68.0,0.0,0.0,86.0,13.7,0.0,1026.7,0.0,3
212,2023-02-28 20:00:00,2.2,-3.3,67.0,0.0,0.0,86.0,13.7,0.0,1027.0,0.0,3
213,2023-02-28 21:00:00,1.7,-2.8,72.0,0.0,0.0,84.0,12.2,0.0,1026.9,0.0,3
214,2023-02-28 22:00:00,1.8,-2.7,72.0,0.0,0.0,72.0,12.2,0.0,1026.8,0.0,3
215,2023-02-28 23:00:00,1.6,-2.5,74.0,0.0,0.0,76.0,12.2,0.0,1026.6,0.0,3
216,2023-03-01 00:00:00,1.5,-2.6,74.0,0.0,0.0,76.0,11.9,0.0,1026.6,0.0,3
217,2023-03-01 01:00:00,1.4,-2.7,74.0,0.0,0.0,81.0,11.9,0.0,1026.2,0.0,3
218,2023-03-01 02:00:00,1.4,-3.1,72.0,0.0,0.0,78.0,11.2,0.0,1025.4,0.0,3
219,2023-03-01 03:00:00,1.1,-3.2,73.0,0.0,0.0,115.0,12.2,0.0,1025.1,0.0,3
220,2023-03-01 04:00:00,1.1,-3.2,73.0,0.0,0.0,96.0,13.0,0.0,1024.8,0.0,3
221,2023-03-01 05:00:00,1.1,-3.4,72.0,0.0,0.0,106.0,12.2,0.0,1024.4,0.0,3
222,2023-03-01 06:00:00,1.3,-3.6,70.0,0.0,0.0,122.0,11.9,0.0,1024.3,0.0,3
223,2023-03-01 07:00:00,1.5,-3.2,71.0,0.0,0.0,115.0,13.0,0.0,1024.6,0.0,3
224,2023-03-01 08:00:00,1.8,-3.1,70.0,0.0,0.0,104.0,14.0,0.0,1024.5,0.0,3
225,2023-03-01 09:00:00,2.4,-2.9,68.0,0.0,0.0,91.0,14.4,0.0,1024.6,0.0,3
226,2023-03-01 10:00:00,2.6,-2.5,69.0,0.0,0.0,90.0,15.1,0.0,1024.6,0.0,3
227,2023-03-01 11:00:00,3.0,-2.1,69.0,0.0,0.0,60.0,14.4,0.0,1024.1,0.0,3
228,2023-03-01 12:00:00,4.0,-1.4,68.0,0.0,0.0,70.0,18.0,0.0,1023.3,0.0,3
229,2023-03-01 13:00:00,4.5,-0.9,68.0,0.0,0.0,69.0,18.0,0.0,1022.4,0.0,3
230,2023-03-01 14:00:00,4.2,-0.6,71.0,0.0,0.0,88.0,14.0,0.0,1021.8,0.0,3
231,2023-03-01 15:00:00,4.0,-0.4,73.0,0.0,0.0,104.0,12.6,0.0,1021.6,0.0,3
232,2023-03-01 16:00:00,4.0,0.7,79.0,0.1,0.0,58.0,10.4,0.0,1020.7,0.0,7
233,2023-03-01 17:00:00,3.4,1.6,88.0,0.2,0.0,170.0,7.6,0.0,1020.8,0.0,7
234,2023-03-01 18:00:00,2.7,2.0,95.0,0.3,0.0,181.0,9.0,0.0,1021.1,0.0,8
235,2023-03-01 19:00:00,1.9,1.8,99.0,0.9,0.0,175.0,9.0,0.0,1021.9,0.0,8
236,2023-03-01 20:00:00,1.7,1.6,99.0,0.8,0.0,183.0,9.4,0.0,1022.3,0.0,8
237,2023-03-01 21:00:00,1.6,1.5,99.0,0.8,0.0,182.0,8.6,0.0,1022.5,0.0,8
238,2023-03-01 22:00:00,0.9,0.9,100.0,0.6,0.0,258.0,7.9,0.0,1022.7,0.0,12
239,2023-03-01 23:00:00,1.1,1.0,99.0,0.7,0.0,262.0,5.8,0.0,1022.4,0.0,12
240,2023-03-02 00:00:00,1.2,0.9,98.0,0.2,0.0,222.0,5.0,0.0,1022.1,0.0,12
241,2023-03-02 01:00:00,1.4,1.1,98.0,0.2,0.0,223.0,5.0,0.0,1021.8,0.0,12
242,2023-03-02 02:00:00,1.5,1.2,98.0,0.0,0.0,226.0,4.7,0.0,1021.2,0.0,3
243,2023-03-02 03:00:00,1.7,1.3,97.0,0.0,0.0,197.0,5.4,0.0,1020.7,0.0,3
244,2023-03-02 04:00:00,2.0,1.4,96.0,0.0,0.0,149.0,6.1,0.0,1020.3,0.0,3
245,2023-03-02 05:00:00,2.3,1.7,96.0,0.0,0.0,109.0,6.8,0.0,1020.0,0.0,3
246,2023-03-02 06:00:00,2.5,1.6,94.0,0.0,0.0,167.0,8.3,0.0,1020.0,0.0,3
247,2023-03-02 07:00:00,2.5,1.8,95.0,0.0,0.0,164.0,9.0,0.0,1020.2,0.0,3
248,2023-03-02 08:00:00,2.8,2.1,95.0,0.2,0.0,169.0,9.4,0.0,1020.7,0.0,7
249,2023-03-02 09:00:00,3.1,2.5,96.0,0.3,0.0,191.0,8.3,0.0,1021.0,0.0,8
250,2023-03-02 10:00:00,3.4,2.7,95.0,0.2,0.0,194.0,7.2,0.0,1021.0,0.0,7
251,2023-03-02 11:00:00,4.1,2.6,90.0,0.0,0.0,188.0,7.6,0.0,1020.9,0.0,3
252,2023-03-02 12:00:00,4.6,2.8,88.0,0.0,0.0,184.0,7.9,0.0,1020.9,0.0,3
253,2023-03-02 13:00:00,6.2,3.2,81.0,0.0,0.0,166.0,9.7,0.0,1020.2,0.0,3
254,2023-03-02 14:00:00,6.4,2.8,78.0,0.0,0.0,149.0,9.7,0.0,1019.8,0.0,3
255,2023-03-02 15:00:00,6.8,2.5,74.0,0.0,0.0,151.0,9.0,0.0,1019.4,0.0,3
256,2023-03-02 16:00:00,6.7,2.0,72.0,0.0,0.0,160.0,8.3,0.0,1018.9,0.0,3
257,2023-03-02 17:00:00,6.2,2.3,76.0,0.0,0.0,165.0,7.2,0.0,1018.8,0.0,3
258,2023-03-02 18:00:00,4.6,2.8,88.0,0.0,0.0,211.0,5.8,0.0,1019.2,0.0,3
259,2023-03-02 19:00:00,4.3,2.5,88.0,0.0,0.0,200.0,6.8,0.0,1019.8,0.0,3
260,2023-03-02 20:00:00,4.2,2.2,87.0,0.0,0.0,173.0,7.6,0.0,1020.0,0.0,3
261,2023-03-02 21:00:00,3.9,2.1,88.0,0.0,0.0,157.0,7.6,0.0,1020.2,0.0,3
262,2023-03-02 22:00:00,4.1,1.5,83.0,0.0,0.0,135.0,6.8,0.0,1020.3,0.0,3
263,2023-03-02 23:00:00,3.2,1.6,89.0,0.0,0.0,341.0,2.9,0.0,1020.1,0.0,3
264,2023-03-03 00:00:00,3.0,1.5,90.0,0.0,0.0,331.0,2.5,0.0,1019.8,0.0,3
265,2023-03-03 01:00:00,2.9,1.4,90.0,0.0,0.0,280.0,3.6,0.0,1019.6,0.0,3
266,2023-03-03 02:00:00,2.6,1.3,91.0,0.0,0.0,270.0,3.6,0.0,1019.1,0.0,3
267,2023-03-03 03:00:00,2.1,1.1,93.0,0.0,0.0,275.0,3.6,0.0,1018.5,0.0,3
268,2023-03-03 04:00:00,1.6,1.2,97.0,0.0,0.0,311.0,4.3,0.0,1018.4,0.0,3
269,2023-03-03 05:00:00,1.1,0.7,97.0,0.0,0.0,265.0,4.3,0.0,1018.4,0.0,3
270,2023-03-03 06:00:00,0.7,0.3,97.0,0.0,0.0,326.0,3.6,0.0,1018.3,0.0,5
271,2023-03-03 07:00:00,1.5,0.9,96.0,0.0,0.0,330.0,3.6,0.0,1018.4,0.0,5
272,2023-03-03 08:00:00,2.3,1.4,94.0,0.0,0.0,313.0,4.3,0.0,1018.8,0.0,5
273,2023-03-03 09:00:00,3.2,2.5,95.0,0.0,0.0,316.0,6.1,0.0,1019.2,0.0,3
274,2023-03-03 10:00:00,4.1,2.9,92.0,0.2,0.0,93.0,9.4,0.0,1019.4,0.0,7
275,2023-03-03 11:00:00,4.5,3.2,91.0,0.2,0.0,90.0,9.7,0.0,1019.4,0.0,7
276,2023-03-03 12:00:00,5.2,3.5,89.0,0.0,0.0,72.0,10.4,0.0,1019.4,0.0,3
277,2023-03-03 13:00:00,6.2,3.5,83.0,0.0,0.0,87.0,9.0,0.0,1018.9,0.0,3
278,2023-03-03 14:00:00,6.1,3.3,82.0,0.0,0.0,98.0,10.1,0.0,1019.2,0.0,3
279,2023-03-03 15:00:00,6.8,3.4,79.0,0.0,0.0,56.0,10.4,0.0,1018.7,0.0,3
280,2023-03-03 16:00:00,7.0,3.4,78.0,0.0,0.0,31.0,9.4,0.0,1018.2,0.0,3
281,2023-03-03 17:00:00,6.4,3.6,82.0,0.0,0.0,8.0,7.6,0.0,1018.3,0.0,3
282,2023-03-03 18:00:00,2.9,1.7,92.0,0.0,0.0,359.0,5.4,0.0,1018.7,0.0,3
283,2023-03-03 19:00:00,2.0,0.8,92.0,0.0,0.0,2.0,4.3,0.0,1019.5,0.0,3
284,2023-03-03 20:00:00,1.3,0.3,93.0,0.0,0.0,345.0,4.3,0.0,1020.0,0.0,3
285,2023-03-03 21:00:00,1.8,0.6,92.0,0.0,0.0,341.0,4.0,0.0,1020.3,0.0,1
286,2023-03-03 22:00:00,1.0,0.3,95.0,0.0,0.0,286.0,2.9,0.0,1020.9,0.0,1
287,2023-03-03 23:00:00,0.8,0.2,96.0,0.0,0.0,267.0,4.0,0.0,1021.1,0.0,1
288,2023-03-04 00:00:00,-0.5,-0.9,97.0,0.0,0.0,230.0,4.0,0.0,1021.0,0.0,5
289,2023-03-04 01:00:00,-1.0,-1.4,97.0,0.0,0.0,222.0,3.2,0.0,1021.0,0.0,5
290,2023-03-04 02:00:00,-1.5,-1.8,98.0,0.0,0.0,204.0,3.6,0.0,1020.7,0.0,5
291,2023-03-04 03:00:00,-1.3,-1.6,98.0,0.0,0.0,198.0,3.6,0.0,1020.3,0.0,5
292,2023-03-04 04:00:00,-1.3,-1.6,98.0,0.0,0.0,224.0,3.2,0.0,1020.0,0.0,5
293,2023-03-04 05:00:00,-1.4,-1.7,98.0,0.0,0.0,223.0,2.9,0.0,1020.2,0.0,5
294,2023-03-04 06:00:00,-1.0,-1.6,96.0,0.0,0.0,229.0,2.2,0.0,1020.0,0.0,5
295,2023-03-04 07:00:00,-1.0,-1.6,96.0,0.0,0.0,226.0,2.9,0.0,1020.1,0.0,5
296,2023-03-04 08:00:00,0.2,-0.7,94.0,0.0,0.0,249.0,2.5,0.0,1020.5,0.0,5
297,2023-03-04 09:00:00,1.2,0.8,97.0,0.0,0.0,246.0,4.0,0.0,1020.6,0.0,5
298,2023-03-04 10:00:00,2.5,1.8,95.0,0.0,0.0,217.0,5.0,0.0,1020.2,0.0,5
299,2023-03-04 11:00:00,6.7,3.0,77.0,0.0,0.0,63.0,5.8,0.0,1019.1,0.0,5
300,2023-03-04 12:00:00,9.0,2.6,64.0,0.0,0.0,70.0,6.5,0.0,1018.1,0.0,1
301,2023-03-04 13:00:00,10.3,1.9,56.0,0.0,0.0,51.0,6.1,0.0,1017.0,0.0,1
302,2023-03-04 14:00:00,11.2,1.2,50.0,0.0,0.0,26.0,5.0,0.0,1015.6,0.0,1
303,2023-03-04 15:00:00,11.4,0.2,46.0,0.0,0.0,15.0,5.0,0.0,1014.9,0.0,1
304,2023-03-04 16:00:00,11.4,0.2,46.0,0.0,0.0,38.0,4.3,0.0,1014.1,0.0,1
305,2023-03-04 17:00:00,9.8,3.3,64.0,0.0,0.0,22.0,4.0,0.0,1013.7,0.0,1
306,2023-03-04 18:00:00,7.8,-0.4,56.0,0.0,0.0,46.0,5.8,0.0,1013.9,0.0,2
307,2023-03-04 19:00:00,5.2,-0.4,67.0,0.0,0.0,15.0,5.0,0.0,1014.3,0.0,2
308,2023-03-04 20:00:00,2.2,-1.1,79.0,0.0,0.0,290.0,5.0,0.0,1014.9,0.0,1
309,2023-03-04 21:00:00,1.4,-1.8,79.0,0.0,0.0,265.0,5.0,0.0,1015.7,0.0,1
310,2023-03-04 22:00:00,0.4,-2.3,82.0,0.0,0.0,222.0,3.6,0.0,1016.0,0.0,1
311,2023-03-04 23:00:00,-0.5,-2.7,85.0,0.0,0.0,214.0,3.2,0.0,1016.4,0.0,1
312,2023-03-05 00:00:00,-1.6,-3.2,89.0,0.0,0.0,235.0,3.6,0.0,1016.4,0.0,1
313,2023-03-05 01:00:00,-2.2,-3.6,90.0,0.0,0.0,234.0,3.2,0.0,1016.7,0.0,1
314,2023-03-05 02:00:00,-2.2,-3.9,88.0,0.0,0.0,214.0,3.6,0.0,1016.8,0.0,1
315,2023-03-05 03:00:00,-2.6,-4.2,89.0,0.0,0.0,202.0,5.0,0.0,1016.9,0.0,1
316,2023-03-05 04:00:00,-2.3,-4.0,88.0,0.0,0.0,189.0,5.4,0.0,1016.9,0.0,1
317,2023-03-05 05:00:00,-2.5,-4.2,88.0,0.0,0.0,257.0,5.4,0.0,1017.0,0.0,1
318,2023-03-05 06:00:00,-2.3,-4.0,88.0,0.0,0.0,296.0,4.3,0.0,1016.8,0.0,2
319,2023-03-05 07:00:00,-1.2,-2.6,90.0,0.0,0.0,286.0,4.7,0.0,1017.3,0.0,3
320,2023-03-05 08:00:00,0.7,-1.7,84.0,0.0,0.0,270.0,4.0,0.0,1017.5,0.0,3
321,2023-03-05 09:00:00,2.6,-1.4,75.0,0.0,0.0,17.0,6.1,0.0,1017.3,0.0,3
322,2023-03-05 10:00:00,4.3,-0.7,70.0,0.0,0.0,61.0,9.7,0.0,1016.6,0.0,3
323,2023-03-05 11:00:00,5.6,-0.5,65.0,0.0,0.0,93.0,9.7,0.0,1015.9,0.0,3
324,2023-03-05 12:00:00,5.3,-0.5,66.0,0.0,0.0,65.0,7.9,0.0,1015.4,0.0,3
325,2023-03-05 13:00:00,6.4,-0.6,61.0,0.0,0.0,41.0,6.1,0.0,1014.2,0.0,3
326,2023-03-05 14:00:00,6.7,-0.5,60.0,0.0,0.0,6.0,6.8,0.0,1013.2,0.0,3
327,2023-03-05 15:00:00,6.7,-0.3,61.0,0.0,0.0,2.0,8.6,0.0,1012.7,0.0,3
328,2023-03-05 16:00:00,6.6,-0.4,61.0,0.0,0.0,356.0,6.8,0.0,1011.9,0.0,3
329,2023-03-05 17:00:00,5.2,0.8,73.0,0.0,0.0,338.0,6.8,0.0,1012.0,0.0,3
330,2023-03-05 18:00:00,2.8,-0.1,81.0,0.0,0.0,329.0,5.4,0.0,1012.0,0.0,2
331,2023-03-05 19:00:00,1.1,-0.8,87.0,0.0,0.0,311.0,6.1,0.0,1012.1,0.0,2
332,2023-03-05 20:00:00,0.0,-1.3,91.0,0.0,0.0,294.0,5.0,0.0,1012.0,0.0,2
333,2023-03-05 21:00:00,-0.4,-1.4,93.0,0.0,0.0,240.0,5.4,0.0,1012.0,0.0,3
334,2023-03-05 22:00:00,2.0,-0.3,85.0,0.0,0.0,283.0,4.0,0.0,1011.4,0.0,3
335,2023-03-05 23:00:00,2.2,-0.7,81.0,0.0,0.0,87.0,3.2,0.0,1011.1,0.0,3
336,2023-03-06 00:00:00,2.2,-0.6,82.0,0.0,0.0,58.0,4.7,0.0,1010.8,0.0,3
337,2023-03-06 01:00:00,2.2,-0.9,80.0,0.0,0.0,139.0,4.7,0.0,1010.5,0.0,3
338,2023-03-06 02:00:00,1.0,-0.9,87.0,0.0,0.0,175.0,4.3,0.0,1010.2,0.0,3
339,2023-03-06 03:00:00,0.9,-0.9,88.0,0.0,0.0,147.0,3.6,0.0,1010.2,0.0,3
340,2023-03-06 04:00:00,1.0,-0.9,87.0,0.0,0.0,165.0,4.0,0.0,1009.7,0.0,3
341,2023-03-06 05:00:00,1.1,-0.8,87.0,0.0,0.0,174.0,3.6,0.0,1009.4,0.0,3
342,2023-03-06 06:00:00,0.1,-1.3,90.0,0.0,0.0,170.0,3.6,0.0,1009.0,0.0,3
343,2023-03-06 07:00:00,0.1,-1.0,92.0,0.0,0.0,143.0,3.6,0.0,1008.9,0.0,3
344,2023-03-06 08:00:00,1.9,-0.7,83.0,0.0,0.0,171.0,4.0,0.0,1009.2,0.0,3
345,2023-03-06 09:00:00,4.1,-0.1,74.0,0.0,0.0,191.0,2.5,0.0,1009.0,0.0,3
346,2023-03-06 10:00:00,5.7,0.5,69.0,0.0,0.0,345.0,4.3,0.0,1008.6,0.0,3
347,2023-03-06 11:00:00,5.8,0.7,70.0,0.0,0.0,20.0,5.4,0.0,1008.2,0.0,3
348,2023-03-06 12:00:00,6.7,1.6,70.0,0.0,0.0,25.0,5.0,0.0,1007.6,0.0,3
349,2023-03-06 13:00:00,7.4,2.1,69.0,0.0,0.0,11.0,5.4,0.0,1006.4,0.0,3
350,2023-03-06 14:00:00,8.4,2.8,68.0,0.0,0.0,130.0,8.6,0.0,1005.4,0.0,3
351,2023-03-06 15:00:00,7.7,3.9,77.0,1.4,0.0,218.0,11.2,0.0,1005.5,0.0,9
352,2023-03-06 16:00:00,7.1,3.9,80.0,0.8,0.0,1.0,7.2,0.0,1005.2,0.0,8
353,2023-03-06 17:00:00,6.8,4.5,85.0,0.0,0.0,326.0,6.8,0.0,1005.0,0.0,3
354,2023-03-06 18:00:00,4.5,2.8,89.0,0.0,0.0,314.0,6.1,0.0,1005.2,0.0,3
355,2023-03-06 19:00:00,4.8,2.8,87.0,0.0,0.0,288.0,5.8,0.0,1005.8,0.0,3
356,2023-03-06 20:00:00,5.3,3.1,86.0,0.0,0.0,248.0,5.4,0.0,1006.0,0.0,3
357,2023-03-06 21:00:00,5.5,3.0,84.0,0.0,0.0,219.0,4.0,0.0,1006.2,0.0,3
358,2023-03-06 22:00:00,5.0,3.3,89.0,0.0,0.0,38.0,3.6,0.0,1006.4,0.0,3
359,2023-03-06 23:00:00,3.9,3.3,96.0,0.0,0.0,119.0,2.9,0.0,1006.2,0.0,3
360,2023-03-07 00:00:00,3.7,3.3,97.0,0.3,0.0,123.0,3.6,0.0,1006.1,0.0,8
361,2023-03-07 01:00:00,3.6,3.0,96.0,0.7,0.0,71.0,3.2,0.0,1006.1,0.0,8
362,2023-03-07 02:00:00,3.1,2.7,97.0,1.2,0.0,131.0,3.2,0.0,1006.2,0.0,9
363,2023-03-07 03:00:00,3.1,3.0,99.0,1.1,0.0,137.0,7.2,0.0,1005.7,0.0,9
364,2023-03-07 04:00:00,3.2,2.8,97.0,0.5,0.0,98.0,8.6,0.0,1005.5,0.0,8
365,2023-03-07 05:00:00,3.3,2.9,97.0,0.3,0.0,48.0,6.8,0.0,1005.7,0.0,8
366,2023-03-07 06:00:00,3.5,2.9,96.0,0.1,0.0,60.0,7.9,0.0,1005.9,0.0,7
367,2023-03-07 07:00:00,3.4,2.8,96.0,0.0,0.0,57.0,7.9,0.0,1006.1,0.0,3
368,2023-03-07 08:00:00,3.8,3.2,96.0,0.0,0.0,52.0,6.1,0.0,1006.6,0.0,3
369,2023-03-07 09:00:00,4.4,3.1,91.0,0.0,0.0,112.0,4.0,0.0,1006.8,0.0,3
370,2023-03-07 10:00:00,4.8,3.3,90.0,0.0,0.0,100.0,3.2,0.0,1006.7,0.0,3
371,2023-03-07 11:00:00,5.4,3.6,88.0,0.0,0.0,41.0,4.3,0.0,1006.6,0.0,3
372,2023-03-07 12:00:00,5.9,3.7,86.0,0.0,0.0,19.0,5.8,0.0,1006.1,0.0,3
373,2023-03-07 13:00:00,8.1,4.3,77.0,0.0,0.0,4.0,6.5,0.0,1005.1,0.0,3
374,2023-03-07 14:00:00,10.6,3.2,60.0,0.0,0.0,250.0,14.0,0.0,1003.8,0.0,3
375,2023-03-07 15:00:00,11.8,0.5,46.0,0.0,0.0,238.0,15.8,0.0,1002.8,0.0,3
376,2023-03-07 16:00:00,11.4,-0.1,45.0,0.0,0.0,237.0,16.2,0.0,1002.3,0.0,3
377,2023-03-07 17:00:00,9.9,0.8,53.0,0.0,0.0,246.0,13.0,0.0,1002.3,0.0,3
378,2023-03-07 18:00:00,7.3,1.4,66.0,0.0,0.0,270.0,11.2,0.0,1003.0,0.0,3
379,2023-03-07 19:00:00,5.3,2.1,80.0,0.0,0.0,280.0,7.9,0.0,1003.9,0.0,3
380,2023-03-07 20:00:00,5.6,3.1,84.0,0.0,0.0,275.0,6.8,0.0,1003.9,0.0,3
381,2023-03-07 21:00:00,6.1,3.4,83.0,0.0,0.0,249.0,5.4,0.0,1003.9,0.0,3
382,2023-03-07 22:00:00,5.3,2.8,84.0,2.1,0.0,41.0,7.9,0.0,1004.1,0.0,9
383,2023-03-07 23:00:00,3.9,2.9,93.0,2.1,0.0,330.0,9.4,0.0,1004.1,0.0,9
384,2023-03-08 00:00:00,3.6,2.4,92.0,0.5,0.0,347.0,6.8,0.0,1003.9,0.0,8
385,2023-03-08 01:00:00,4.0,3.0,93.0,0.0,0.0,12.0,6.1,0.0,1004.1,0.0,3
386,2023-03-08 02:00:00,3.8,2.8,93.0,0.2,0.0,99.0,6.8,0.0,1004.4,0.0,7
387,2023-03-08 03:00:00,3.2,2.5,95.0,0.7,0.0,150.0,6.5,0.0,1004.5,0.0,17
388,2023-03-08 04:00:00,3.1,2.4,95.0,0.0,0.0,102.0,6.8,0.0,1004.6,0.0,3
389,2023-03-08 05:00:00,3.6,2.9,95.0,0.0,0.0,149.0,4.3,0.0,1005.1,0.0,3
390,2023-03-08 06:00:00,3.6,2.9,95.0,0.0,0.0,315.0,5.0,0.0,1005.5,0.0,3
391,2023-03-08 07:00:00,2.6,2.0,96.0,0.0,0.0,324.0,4.3,0.0,1006.1,0.0,3
392,2023-03-08 08:00:00,4.4,3.7,95.0,0.0,0.0,333.0,3.2,0.0,1006.6,0.0,3
393,2023-03-08 09:00:00,6.5,4.8,89.0,0.0,0.0,38.0,3.2,0.0,1006.6,0.0,3
394,2023-03-08 10:00:00,8.4,5.1,80.0,0.0,0.0,350.0,7.9,0.0,1006.7,0.0,3
395,2023-03-08 11:00:00,9.9,5.3,73.0,0.0,0.0,257.0,14.4,0.0,1005.9,0.0,3
396,2023-03-08 12:00:00,11.3,4.7,64.0,0.1,0.0,241.0,18.4,0.0,1004.7,0.0,7
397,2023-03-08 13:00:00,12.3,4.5,59.0,0.2,0.0,231.0,20.9,0.0,1003.9,0.0,7
398,2023-03-08 14:00:00,12.8,4.5,57.0,0.0,0.0,238.0,23.0,0.0,1003.3,0.0,3
399,2023-03-08 15:00:00,11.9,4.8,62.0,0.0,0.0,245.0,21.2,0.0,1003.8,0.0,3
400,2023-03-08 16:00:00,12.5,4.5,58.0,0.0,0.0,244.0,21.2,0.0,1003.1,0.0,3
401,2023-03-08 17:00:00,11.2,4.9,65.0,0.0,0.0,253.0,14.4,0.0,1003.6,0.0,3
402,2023-03-08 18:00:00,9.7,5.1,73.0,0.0,0.0,243.0,14.4,0.0,1004.3,0.0,3
403,2023-03-08 19:00:00,9.1,5.6,79.0,0.0,0.0,242.0,13.0,0.0,1004.4,0.0,3
404,2023-03-08 20:00:00,8.6,6.0,84.0,0.0,0.0,262.0,11.9,0.0,1004.8,0.0,3
405,2023-03-08 21:00:00,8.4,6.4,87.0,0.0,0.0,306.0,11.2,0.0,1004.4,0.0,3
406,2023-03-08 22:00:00,7.6,5.9,89.0,0.0,0.0,285.0,11.5,0.0,1004.1,0.0,3
407,2023-03-08 23:00:00,8.0,6.1,88.0,0.0,0.0,270.0,14.0,0.0,1003.8,0.0,3
408,2023-03-09 00:00:00,7.8,5.9,88.0,0.0,0.0,261.0,14.0,0.0,1003.2,0.0,3
409,2023-03-09 01:00:00,8.4,5.9,84.0,0.0,0.0,250.0,15.1,0.0,1003.0,0.0,3
410,2023-03-09 02:00:00,8.2,5.7,84.0,0.0,0.0,228.0,14.0,0.0,1002.9,0.0,3
411,2023-03-09 03:00:00,8.3,5.6,83.0,0.0,0.0,268.0,15.1,0.0,1002.4,0.0,3
412,2023-03-09 04:00:00,9.1,5.8,80.0,0.0,0.0,280.0,15.8,0.0,1002.3,0.0,3
413,2023-03-09 05:00:00,8.6,6.0,84.0,0.0,0.0,271.0,16.9,0.0,1002.0,0.0,3
414,2023-03-09 06:00:00,8.6,6.2,85.0,0.2,0.0,285.0,16.9,0.0,1001.6,0.0,7
415,2023-03-09 07:00:00,8.7,6.5,86.0,0.1,0.0,299.0,16.6,0.0,1001.8,0.0,7
416,2023-03-09 08:00:00,9.4,7.0,85.0,0.0,0.0,307.0,14.8,0.0,1002.3,0.0,3
417,2023-03-09 09:00:00,10.1,7.7,85.0,0.0,0.0,291.0,14.0,0.0,1002.7,0.0,3
418,2023-03-09 10:00:00,11.4,7.7,78.0,0.0,0.0,284.0,14.4,0.0,1003.4,0.0,3
419,2023-03-09 11:00:00,11.5,7.8,78.0,0.0,0.0,269.0,15.1,0.0,1003.9,0.0,3
420,2023-03-09 12:00:00,11.8,7.9,77.0,0.0,0.0,265.0,16.6,0.0,1004.4,0.0,3
421,2023-03-09 13:00:00,12.6,8.1,74.0,0.1,0.0,272.0,19.4,0.0,1004.6,0.0,7
422,2023-03-09 14:00:00,13.5,7.9,69.0,0.0,0.0,272.0,18.7,0.0,1004.1,0.0,3
423,2023-03-09 15:00:00,14.1,7.4,64.0,0.0,0.0,261.0,16.2,0.0,1003.9,0.0,3
424,2023-03-09 16:00:00,14.0,7.1,63.0,0.0,0.0,249.0,14.0,0.0,1004.0,0.0,3
425,2023-03-09 17:00:00,13.1,7.1,67.0,0.0,0.0,241.0,11.5,0.0,1004.3,0.0,3
426,2023-03-09 18:00:00,10.3,7.4,82.0,0.0,0.0,251.0,6.5,0.0,1005.1,0.0,3
427,2023-03-09 19:00:00,8.9,6.7,86.0,0.0,0.0,243.0,6.1,0.0,1005.8,0.0,2
428,2023-03-09 20:00:00,7.6,6.1,90.0,0.0,0.0,249.0,5.0,0.0,1006.1,0.0,3
429,2023-03-09 21:00:00,6.8,5.6,92.0,0.0,0.0,267.0,6.1,0.0,1006.1,0.0,3
430,2023-03-09 22:00:00,7.0,5.9,93.0,0.0,0.0,260.0,6.8,0.0,1006.1,0.0,3
431,2023-03-09 23:00:00,7.1,6.0,93.0,0.0,0.0,285.0,6.8,0.0,1006.2,0.0,3
432,2023-03-10 00:00:00,6.8,5.9,94.0,0.0,0.0,262.0,5.8,0.0,1005.9,0.0,3
433,2023-03-10 01:00:00,6.3,5.6,95.0,0.0,0.0,249.0,6.1,0.0,1005.1,0.0,3
434,2023-03-10 02:00:00,5.5,4.9,96.0,0.0,0.0,237.0,4.7,0.0,1004.6,0.0,3
435,2023-03-10 03:00:00,5.5,4.9,96.0,0.0,0.0,192.0,5.0,0.0,1003.5,0.0,3
436,2023-03-10 04:00:00,3.9,3.9,100.0,0.0,0.0,342.0,6.1,0.0,1003.1,0.0,3
437,2023-03-10 05:00:00,5.1,4.8,98.0,0.0,0.0,22.0,4.7,0.0,1002.3,0.0,5
438,2023-03-10 06:00:00,5.6,5.0,96.0,0.0,0.0,67.0,6.1,0.0,1001.6,0.0,5
439,2023-03-10 07:00:00,5.6,5.0,96.0,0.0,0.0,60.0,7.2,0.0,1001.1,0.0,5
440,2023-03-10 08:00:00,7.4,6.7,95.0,0.0,0.0,56.0,6.5,0.0,1000.5,0.0,5
441,2023-03-10 09:00:00,9.8,8.2,90.0,0.0,0.0,360.0,10.4,0.0,999.7,0.0,5
442,2023-03-10 10:00:00,11.6,8.8,83.0,0.0,0.0,288.0,13.0,0.0,998.5,0.0,3
443,2023-03-10 11:00:00,13.0,8.7,75.0,0.2,0.0,238.0,17.6,0.0,997.6,0.0,7
444,2023-03-10 12:00:00,12.1,8.6,79.0,1.3,0.0,231.0,15.1,0.0,997.2,0.0,9
445,2023-03-10 13:00:00,12.7,7.8,72.0,0.1,0.0,231.0,18.0,0.0,996.1,0.0,7
446,2023-03-10 14:00:00,13.2,7.8,70.0,0.0,0.0,238.0,15.5,0.0,995.3,0.0,3
447,2023-03-10 15:00:00,13.0,7.4,69.0,0.0,0.0,245.0,14.4,0.0,994.8,0.0,3
448,2023-03-10 16:00:00,12.5,7.6,72.0,0.0,0.0,243.0,12.2,0.0,994.4,0.0,3
449,2023-03-10 17:00:00,11.9,7.8,76.0,0.0,0.0,242.0,10.8,0.0,994.5,0.0,3
450,2023-03-10 18:00:00,10.0,7.6,85.0,0.0,0.0,229.0,9.7,0.0,995.1,0.0,2
451,2023-03-10 19:00:00,9.0,7.1,88.0,0.0,0.0,237.0,11.2,0.0,997.0,0.0,2
452,2023-03-10 20:00:00,8.6,7.1,90.0,0.0,0.0,218.0,9.4,0.0,996.9,0.0,2
453,2023-03-10 21:00:00,8.0,6.8,92.0,0.0,0.0,229.0,10.8,0.0,997.1,0.0,2
454,2023-03-10 22:00:00,7.4,6.3,93.0,0.0,0.0,226.0,11.9,0.0,997.5,0.0,2
455,2023-03-10 23:00:00,6.9,6.2,95.0,0.0,0.0,243.0,10.8,0.0,997.7,0.0,2
456,2023-03-11 00:00:00,7.5,6.8,95.0,0.1,0.0,286.0,7.2,0.0,997.8,0.0,17
457,2023-03-11 01:00:00,6.1,5.5,96.0,0.0,0.0,326.0,5.4,0.0,997.5,0.0,3
458,2023-03-11 02:00:00,6.7,5.6,93.0,0.1,0.0,343.0,6.1,0.0,997.6,0.0,7
459,2023-03-11 03:00:00,6.4,5.2,92.0,0.0,0.0,260.0,6.5,0.0,997.1,0.0,3
460,2023-03-11 04:00:00,5.5,4.6,94.0,0.3,0.0,286.0,6.8,0.0,997.0,0.0,8
461,2023-03-11 05:00:00,4.5,3.9,96.0,0.1,0.0,223.0,5.8,0.0,997.6,0.0,7
462,2023-03-11 06:00:00,5.1,4.2,94.0,0.0,0.0,336.0,6.1,0.0,998.2,0.0,3
463,2023-03-11 07:00:00,5.1,3.8,91.0,0.0,0.0,336.0,7.2,0.0,998.8,0.0,3
464,2023-03-11 08:00:00,6.2,4.0,86.0,0.0,0.0,348.0,7.9,0.0,999.6,0.0,3
465,2023-03-11 09:00:00,7.9,3.9,76.0,0.0,0.0,324.0,6.1,0.0,1000.4,0.0,3
466,2023-03-11 10:00:00,9.2,4.4,72.0,0.0,0.0,4.0,7.9,0.0,1001.2,0.0,3
467,2023-03-11 11:00:00,9.9,4.1,67.0,0.0,0.0,82.0,8.3,0.0,1001.5,0.0,3
468,2023-03-11 12:00:00,10.1,3.4,63.0,0.0,0.0,105.0,9.0,0.0,1001.9,0.0,3
469,2023-03-11 13:00:00,10.7,2.8,58.0,0.0,0.0,101.0,10.4,0.0,1001.9,0.0,3
470,2023-03-11 14:00:00,11.1,2.4,55.0,0.0,0.0,99.0,10.4,0.0,1002.1,0.0,3
471,2023-03-11 15:00:00,10.8,1.9,54.0,0.0,0.0,133.0,14.0,0.0,1002.6,0.0,3
472,2023-03-11 16:00:00,10.6,1.4,53.0,0.0,0.0,119.0,14.0,0.0,1003.2,0.0,2
473,2023-03-11 17:00:00,9.9,1.5,56.0,0.0,0.0,137.0,11.5,0.0,1003.7,0.0,3
474,2023-03-11 18:00:00,7.6,1.7,66.0,0.0,0.0,111.0,10.8,0.0,1005.1,0.0,2
475,2023-03-11 19:00:00,6.4,0.7,67.0,0.0,0.0,76.0,10.1,0.0,1006.9,0.0,2
476,2023-03-11 20:00:00,6.4,2.8,78.0,0.0,0.0,74.0,13.0,0.0,1008.4,0.0,3
477,2023-03-11 21:00:00,6.3,-3.6,49.0,0.0,0.0,81.0,14.4,0.0,1009.6,0.0,3
478,2023-03-11 22:00:00,5.5,-5.5,45.0,0.0,0.0,98.0,15.8,0.0,1010.5,0.0,3
479,2023-03-11 23:00:00,5.1,-6.2,44.0,0.0,0.0,109.0,15.8,0.0,1011.5,0.0,3
480,2023-03-12 00:00:00,4.0,-6.6,46.0,0.0,0.0,109.0,14.8,0.0,1012.6,0.0,3
481,2023-03-12 01:00:00,3.3,-6.7,48.0,0.0,0.0,111.0,13.3,0.0,1013.4,0.0,3
482,2023-03-12 02:00:00,2.4,-6.5,52.0,0.0,0.0,106.0,10.8,0.0,1014.1,0.0,3
483,2023-03-12 03:00:00,0.8,-5.9,61.0,0.0,0.0,91.0,8.6,0.0,1014.6,0.0,3
484,2023-03-12 04:00:00,0.0,-5.4,67.0,0.0,0.0,81.0,7.9,0.0,1015.2,0.0,2
485,2023-03-12 05:00:00,-0.7,-5.5,70.0,0.0,0.0,58.0,7.2,0.0,1015.8,0.0,2
486,2023-03-12 06:00:00,-1.5,-5.7,73.0,0.0,0.0,43.0,7.2,0.0,1016.5,0.0,1
487,2023-03-12 07:00:00,0.3,-4.7,69.0,0.0,0.0,59.0,8.3,0.0,1016.9,0.0,2
488,2023-03-12 08:00:00,2.2,-4.1,63.0,0.0,0.0,55.0,7.2,0.0,1017.8,0.0,2
489,2023-03-12 09:00:00,3.7,-4.3,56.0,0.0,0.0,87.0,10.8,0.0,1018.0,0.0,2
490,2023-03-12 10:00:00,5.0,-3.5,54.0,0.0,0.0,91.0,10.4,0.0,1017.7,0.0,3
491,2023-03-12 11:00:00,6.4,-2.8,52.0,0.0,0.0,65.0,8.6,0.0,1017.6,0.0,3
492,2023-03-12 12:00:00,7.5,-2.5,49.0,0.0,0.0,71.0,9.4,0.0,1017.8,0.0,3
493,2023-03-12 13:00:00,8.5,-2.2,47.0,0.0,0.0,80.0,8.3,0.0,1017.3,0.0,3
494,2023-03-12 14:00:00,9.3,-2.0,45.0,0.0,0.0,96.0,6.8,0.0,1016.4,0.0,3
495,2023-03-12 15:00:00,9.8,-1.6,45.0,0.0,0.0,84.0,5.0,0.0,1016.3,0.0,3
496,2023-03-12 16:00:00,9.7,-1.7,45.0,0.0,0.0,121.0,5.0,0.0,1016.2,0.0,3
497,2023-03-12 17:00:00,9.1,0.3,54.0,0.0,0.0,111.0,5.8,0.0,1016.4,0.0,3
498,2023-03-12 18:00:00,6.1,-0.2,64.0,0.0,0.0,98.0,7.9,0.0,1016.9,0.0,1
499,2023-03-12 19:00:00,4.7,-0.9,67.0,0.0,0.0,111.0,10.4,0.0,1017.6,0.0,1
500,2023-03-12 20:00:00,4.3,-1.3,67.0,0.0,0.0,77.0,7.6,0.0,1018.6,0.0,1
501,2023-03-12 21:00:00,3.4,-1.6,70.0,0.0,0.0,72.0,7.6,0.0,1019.3,0.0,2
502,2023-03-12 22:00:00,3.4,-1.8,69.0,0.0,0.0,102.0,4.7,0.0,1019.5,0.0,1
503,2023-03-12 23:00:00,1.6,-1.8,78.0,0.0,0.0,221.0,4.0,0.0,1019.8,0.0,2
504,2023-03-13 00:00:00,0.7,-1.7,84.0,0.0,0.0,216.0,4.7,0.0,1019.8,0.0,2
505,2023-03-13 01:00:00,0.1,-1.7,88.0,0.0,0.0,204.0,5.4,0.0,1020.1,0.0,3
506,2023-03-13 02:00:00,-0.4,-1.5,92.0,0.0,0.0,216.0,6.5,0.0,1020.0,0.0,3
507,2023-03-13 03:00:00,-0.4,-1.8,90.0,0.0,0.0,211.0,5.8,0.0,1019.6,0.0,3
508,2023-03-13 04:00:00,-0.2,-1.5,91.0,0.0,0.0,232.0,6.5,0.0,1019.6,0.0,3
509,2023-03-13 05:00:00,0.4,-1.8,85.0,0.0,0.0,251.0,6.5,0.0,1019.6,0.0,3
510,2023-03-13 06:00:00,-0.1,-1.7,89.0,0.0,0.0,245.0,6.5,0.0,1019.5,0.0,3
511,2023-03-13 07:00:00,0.4,-1.2,89.0,0.0,0.0,218.0,6.8,0.0,1019.4,0.0,3
512,2023-03-13 08:00:00,3.2,-0.3,78.0,0.0,0.0,225.0,6.1,0.0,1019.2,0.0,3
513,2023-03-13 09:00:00,6.5,1.0,68.0,0.0,0.0,136.0,5.0,0.0,1018.8,0.0,3
514,2023-03-13 10:00:00,9.3,2.2,61.0,0.0,0.0,43.0,8.3,0.0,1018.1,0.0,3
515,2023-03-13 11:00:00,12.9,3.0,51.0,0.0,0.0,260.0,14.8,0.0,1017.0,0.0,2
516,2023-03-13 12:00:00,14.5,3.6,48.0,0.0,0.0,250.0,16.6,0.0,1016.2,0.0,2
517,2023-03-13 13:00:00,15.4,3.8,46.0,0.0,0.0,248.0,20.2,0.0,1015.9,0.0,3
518,2023-03-13 14:00:00,15.4,4.4,48.0,0.0,0.0,252.0,16.9,0.0,1015.0,0.0,3
519,2023-03-13 15:00:00,15.4,4.7,49.0,0.0,0.0,250.0,16.2,0.0,1014.4,0.0,3
520,2023-03-13 16:00:00,14.8,5.6,54.0,0.0,0.0,246.0,17.3,0.0,1013.8,0.0,3
521,2023-03-13 17:00:00,13.6,6.5,62.0,0.0,0.0,259.0,12.2,0.0,1013.4,0.0,3
522,2023-03-13 18:00:00,9.5,4.5,71.0,0.0,0.0,270.0,9.4,0.0,1013.7,0.0,3
523,2023-03-13 19:00:00,7.5,4.3,80.0,0.0,0.0,268.0,8.6,0.0,1014.0,0.0,3
524,2023-03-13 20:00:00,6.5,3.8,83.0,0.0,0.0,272.0,9.7,0.0,1013.6,0.0,3
525,2023-03-13 21:00:00,5.7,3.7,87.0,0.0,0.0,285.0,10.8,0.0,1013.0,0.0,3
526,2023-03-13 22:00:00,6.0,4.2,88.0,0.0,0.0,297.0,10.8,0.0,1012.2,0.0,3
527,2023-03-13 23:00:00,6.5,4.2,85.0,0.0,0.0,297.0,10.1,0.0,1011.5,0.0,3
528,2023-03-14 00:00:00,6.7,4.4,85.0,0.0,0.0,304.0,10.4,0.0,1010.8,0.0,3
529,2023-03-14 01:00:00,6.7,4.5,86.0,0.0,0.0,306.0,10.1,0.0,1009.9,0.0,3
530,2023-03-14 02:00:00,7.3,4.6,83.0,0.0,0.0,324.0,10.8,0.0,1008.8,0.0,3
531,2023-03-14 03:00:00,8.3,4.9,79.0,0.0,0.0,300.0,12.6,0.0,1007.4,0.0,3
532,2023-03-14 04:00:00,7.8,4.7,81.0,0.0,0.0,298.0,14.4,0.0,1007.3,0.0,3
533,2023-03-14 05:00:00,8.5,6.0,84.0,0.0,0.0,262.0,15.5,0.0,1006.8,0.0,3
534,2023-03-14 06:00:00,9.5,6.9,84.0,0.0,0.0,268.0,16.2,0.0,1006.1,0.0,3
535,2023-03-14 07:00:00,9.9,7.3,84.0,0.0,0.0,254.0,15.8,0.0,1005.6,0.0,3
536,2023-03-14 08:00:00,10.4,7.5,82.0,0.0,0.0,257.0,15.1,0.0,1005.4,0.0,3
537,2023-03-14 09:00:00,12.1,7.8,75.0,0.0,0.0,313.0,13.7,0.0,1004.9,0.0,3
538,2023-03-14 10:00:00,12.0,7.7,75.0,0.2,0.0,291.0,13.0,0.0,1004.7,0.0,7
539,2023-03-14 11:00:00,11.9,7.8,76.0,1.0,0.0,265.0,14.0,0.0,1004.4,0.0,9
540,2023-03-14 12:00:00,12.0,8.1,77.0,1.1,0.0,264.0,11.9,0.0,1003.7,0.0,9
541,2023-03-14 13:00:00,11.9,8.4,79.0,0.2,0.0,309.0,9.7,0.0,1002.8,0.0,7
542,2023-03-14 14:00:00,12.4,6.4,67.0,0.2,0.0,226.0,15.5,0.0,1002.7,0.0,7
543,2023-03-14 15:00:00,11.7,7.2,74.0,0.2,0.0,236.0,12.6,0.0,1002.2,0.0,7
544,2023-03-14 16:00:00,11.6,7.7,77.0,0.0,0.0,263.0,10.4,0.0,1001.8,0.0,3
545,2023-03-14 17:00:00,11.0,7.9,81.0,0.0,0.0,290.0,7.6,0.0,1002.0,0.0,3
546,2023-03-14 18:00:00,10.1,7.7,85.0,0.0,0.0,311.0,7.2,0.0,1002.2,0.0,3
547,2023-03-14 19:00:00,9.6,7.7,88.0,0.0,0.0,340.0,7.9,0.0,1002.7,0.0,3
548,2023-03-14 20:00:00,9.0,7.6,91.0,0.0,0.0,305.0,6.8,0.0,1002.9,0.0,3
549,2023-03-14 21:00:00,8.9,7.5,91.0,0.0,0.0,329.0,6.8,0.0,1003.1,0.0,3
550,2023-03-14 22:00:00,8.1,7.5,96.0,1.3,0.0,358.0,5.8,0.0,1003.5,0.0,9
551,2023-03-14 23:00:00,7.7,7.6,99.0,0.9,0.0,83.0,4.3,0.0,1003.5,0.0,8
552,2023-03-15 00:00:00,7.2,6.3,94.0,0.1,0.0,267.0,4.3,0.0,1004.0,0.0,7
553,2023-03-15 01:00:00,6.6,5.5,93.0,0.0,0.0,3.0,5.4,0.0,1004.2,0.0,3
554,2023-03-15 02:00:00,6.5,5.3,92.0,0.0,0.0,85.0,5.4,0.0,1004.8,0.0,3
555,2023-03-15 03:00:00,5.8,4.9,94.0,0.0,0.0,81.0,7.9,0.0,1005.4,0.0,3
556,2023-03-15 04:00:00,5.7,4.0,89.0,0.0,0.0,58.0,7.9,0.0,1006.1,0.0,3
557,2023-03-15 05:00:00,5.8,2.8,81.0,0.0,0.0,81.0,10.8,0.0,1007.0,0.0,3
558,2023-03-15 06:00:00,5.3,3.1,86.0,0.0,0.0,59.0,10.1,0.0,1007.8,0.0,3
559,2023-03-15 07:00:00,5.5,3.0,84.0,0.0,0.0,46.0,7.6,0.0,1008.8,0.0,3
560,2023-03-15 08:00:00,5.7,4.2,90.0,0.2,0.0,309.0,5.0,0.0,1010.0,0.0,7
561,2023-03-15 09:00:00,6.1,4.6,90.0,0.3,0.0,62.0,6.1,0.0,1010.8,0.0,8
562,2023-03-15 10:00:00,6.6,2.7,76.0,0.2,0.0,103.0,10.1,0.0,1011.4,0.0,7
563,2023-03-15 11:00:00,6.8,3.0,77.0,0.0,0.0,109.0,9.7,0.0,1012.1,0.0,3
564,2023-03-15 12:00:00,7.9,2.6,69.0,0.1,0.0,55.0,10.1,0.0,1012.3,0.0,7
565,2023-03-15 13:00:00,9.4,1.8,59.0,0.0,0.0,35.0,8.6,0.0,1012.2,0.0,3
566,2023-03-15 14:00:00,10.2,-0.9,46.0,0.0,0.0,8.0,13.0,0.0,1012.1,0.0,3
567,2023-03-15 15:00:00,10.1,-5.1,34.0,0.0,0.0,11.0,16.2,0.0,1012.4,0.0,3
568,2023-03-15 16:00:00,9.9,-6.5,31.0,0.0,0.0,10.0,14.4,0.0,1012.8,0.0,3
569,2023-03-15 17:00:00,8.9,-5.4,36.0,0.0,0.0,355.0,10.1,0.0,1013.5,0.0,1
570,2023-03-15 18:00:00,5.8,-4.7,47.0,0.0,0.0,335.0,7.2,0.0,1014.3,0.0,1
571,2023-03-15 19:00:00,4.7,-6.5,44.0,0.0,0.0,327.0,8.3,0.0,1015.3,0.0,1
572,2023-03-15 20:00:00,4.3,-8.1,40.0,0.0,0.0,336.0,10.8,0.0,1016.3,0.0,1
573,2023-03-15 21:00:00,1.4,-6.0,58.0,0.0,0.0,301.0,10.1,0.0,1018.1,0.0,1
574,2023-03-15 22:00:00,1.8,-7.0,52.0,0.0,0.0,54.0,5.8,0.0,1018.8,0.0,1
575,2023-03-15 23:00:00,1.3,-7.5,52.0,0.0,0.0,139.0,4.3,0.0,1019.4,0.0,1
576,2023-03-16 00:00:00,0.2,-6.9,59.0,0.0,0.0,129.0,4.7,0.0,1020.1,0.0,1
577,2023-03-16 01:00:00,-0.3,-7.1,60.0,0.0,0.0,112.0,5.0,0.0,1020.3,0.0,3
578,2023-03-16 02:00:00,-0.5,-7.1,61.0,0.0,0.0,152.0,4.7,0.0,1020.8,0.0,3
579,2023-03-16 03:00:00,-0.7,-4.9,73.0,0.0,0.0,149.0,3.6,0.0,1020.9,0.0,3
580,2023-03-16 04:00:00,-0.7,-6.7,64.0,0.0,0.0,163.0,4.0,0.0,1021.0,0.0,3
581,2023-03-16 05:00:00,-1.5,-6.1,71.0,0.0,0.0,203.0,4.0,0.0,1021.8,0.0,3
582,2023-03-16 06:00:00,-1.2,-5.1,75.0,0.0,0.0,225.0,7.2,0.0,1022.4,0.0,3
583,2023-03-16 07:00:00,-1.2,-4.0,81.0,0.0,0.0,130.0,7.9,0.0,1023.0,0.0,2
584,2023-03-16 08:00:00,1.7,-3.0,71.0,0.0,0.0,230.0,3.2,0.0,1023.9,0.0,2
585,2023-03-16 09:00:00,4.4,-3.4,57.0,0.0,0.0,232.0,5.0,0.0,1024.1,0.0,3
586,2023-03-16 10:00:00,6.4,-3.3,50.0,0.0,0.0,214.0,5.0,0.0,1023.9,0.0,2
587,2023-03-16 11:00:00,7.7,-3.5,45.0,0.0,0.0,174.0,6.1,0.0,1023.7,0.0,3
588,2023-03-16 12:00:00,8.6,-3.9,41.0,0.0,0.0,160.0,7.2,0.0,1023.3,0.0,2
589,2023-03-16 13:00:00,9.2,-4.8,37.0,0.0,0.0,155.0,9.7,0.0,1023.1,0.0,2
590,2023-03-16 14:00:00,9.9,-4.9,35.0,0.0,0.0,174.0,9.0,0.0,1022.6,0.0,2
591,2023-03-16 15:00:00,9.8,-5.3,34.0,0.0,0.0,183.0,13.3,0.0,1022.3,0.0,3
592,2023-03-16 16:00:00,9.1,-5.6,35.0,0.0,0.0,167.0,15.1,0.0,1022.3,0.0,2
593,2023-03-16 17:00:00,8.5,-3.7,42.0,0.0,0.0,108.0,7.2,0.0,1022.3,0.0,1
594,2023-03-16 18:00:00,5.7,-4.7,47.0,0.0,0.0,102.0,9.4,0.0,1022.7,0.0,1
595,2023-03-16 19:00:00,3.4,-5.3,53.0,0.0,0.0,131.0,10.1,0.0,1023.6,0.0,1
596,2023-03-16 20:00:00,3.2,-6.2,50.0,0.0,0.0,122.0,7.2,0.0,1024.6,0.0,1
597,2023-03-16 21:00:00,1.9,-6.2,55.0,0.0,0.0,55.0,5.4,0.0,1025.5,0.0,1
598,2023-03-16 22:00:00,0.9,-6.2,59.0,0.0,0.0,62.0,4.0,0.0,1026.0,0.0,1
599,2023-03-16 23:00:00,0.4,-6.7,59.0,0.0,0.0,169.0,3.2,0.0,1026.2,0.0,3
600,2023-03-17 00:00:00,-0.2,-6.8,61.0,0.0,0.0,172.0,3.6,0.0,1026.4,0.0,2
601,2023-03-17 01:00:00,-1.0,-6.8,65.0,0.0,0.0,134.0,4.3,0.0,1026.3,0.0,3
602,2023-03-17 02:00:00,-1.5,-6.8,67.0,0.0,0.0,187.0,3.2,0.0,1026.3,0.0,3
603,2023-03-17 03:00:00,-1.8,-6.7,69.0,0.0,0.0,176.0,4.0,0.0,1025.9,0.0,2
604,2023-03-17 04:00:00,-2.1,-6.8,70.0,0.0,0.0,180.0,2.9,0.0,1025.7,0.0,1
605,2023-03-17 05:00:00,-2.3,-7.0,70.0,0.0,0.0,149.0,4.3,0.0,1025.6,0.0,1
606,2023-03-17 06:00:00,-2.7,-6.9,73.0,0.0,0.0,133.0,4.7,0.0,1025.9,0.0,3
607,2023-03-17 07:00:00,-2.1,-6.1,74.0,0.0,0.0,98.0,4.3,0.0,1025.9,0.0,3
608,2023-03-17 08:00:00,1.0,-4.6,66.0,0.0,0.0,197.0,2.5,0.0,1025.9,0.0,3
609,2023-03-17 09:00:00,4.0,-4.2,55.0,0.0,0.0,24.0,3.6,0.0,1025.8,0.0,3
610,2023-03-17 10:00:00,6.4,-4.4,46.0,0.0,0.0,68.0,4.3,0.0,1025.2,0.0,3
611,2023-03-17 11:00:00,8.4,-4.4,40.0,0.0,0.0,90.0,4.7,0.0,1024.6,0.0,2
612,2023-03-17 12:00:00,9.9,-4.5,36.0,0.0,0.0,116.0,4.7,0.0,1023.5,0.0,3
613,2023-03-17 13:00:00,11.0,-3.1,37.0,0.0,0.0,156.0,4.3,0.0,1022.6,0.0,3
614,2023-03-17 14:00:00,11.7,-2.2,38.0,0.0,0.0,131.0,5.4,0.0,1021.6,0.0,3
615,2023-03-17 15:00:00,12.0,-1.5,39.0,0.0,0.0,114.0,7.2,0.0,1020.8,0.0,2
616,2023-03-17 16:00:00,11.7,-1.5,40.0,0.0,0.0,100.0,8.3,0.0,1020.2,0.0,3
617,2023-03-17 17:00:00,8.8,-1.9,47.0,0.0,0.0,59.0,7.2,0.0,1019.9,0.0,3
618,2023-03-17 18:00:00,6.8,-5.2,42.0,0.0,0.0,74.0,7.6,0.0,1020.2,0.0,3
619,2023-03-17 19:00:00,5.0,-5.4,47.0,0.0,0.0,94.0,7.9,0.0,1020.6,0.0,3
620,2023-03-17 20:00:00,3.3,-5.6,52.0,0.0,0.0,141.0,8.3,0.0,1020.8,0.0,3
621,2023-03-17 21:00:00,0.8,-4.4,68.0,0.0,0.0,179.0,7.9,0.0,1020.9,0.0,3
622,2023-03-17 22:00:00,0.4,-3.0,78.0,0.0,0.0,180.0,7.2,0.0,1020.5,0.0,3
623,2023-03-17 23:00:00,-0.6,-2.8,85.0,0.0,0.0,197.0,7.9,0.0,1020.3,0.0,3
624,2023-03-18 00:00:00,-1.1,-2.8,88.0,0.0,0.0,200.0,7.9,0.0,1020.3,0.0,3
625,2023-03-18 01:00:00,-1.5,-2.9,90.0,0.0,0.0,202.0,7.6,0.0,1020.0,0.0,3
626,2023-03-18 02:00:00,-1.8,-3.1,91.0,0.0,0.0,203.0,7.2,0.0,1019.9,0.0,3
627,2023-03-18 03:00:00,-2.1,-3.2,92.0,0.0,0.0,203.0,7.2,0.0,1019.6,0.0,1
628,2023-03-18 04:00:00,-1.4,-2.5,92.0,0.0,0.0,183.0,9.4,0.0,1018.9,0.0,1
629,2023-03-18 05:00:00,-1.7,-2.8,92.0,0.0,0.0,173.0,8.3,0.0,1018.9,0.0,1
630,2023-03-18 06:00:00,-1.9,-3.0,92.0,0.0,0.0,178.0,7.9,0.0,1019.0,0.0,1
631,2023-03-18 07:00:00,-0.9,-2.0,92.0,0.0,0.0,162.0,8.3,0.0,1019.3,0.0,1
632,2023-03-18 08:00:00,2.7,-0.4,80.0,0.0,0.0,90.0,6.1,0.0,1019.5,0.0,1
633,2023-03-18 09:00:00,6.8,1.3,68.0,0.0,0.0,76.0,5.8,0.0,1019.4,0.0,1
634,2023-03-18 10:00:00,10.0,2.6,60.0,0.0,0.0,142.0,9.7,0.0,1018.7,0.0,2
635,2023-03-18 11:00:00,12.6,1.6,47.0,0.0,0.0,241.0,12.2,0.0,1018.1,0.0,1
636,2023-03-18 12:00:00,14.3,0.5,39.0,0.0,0.0,240.0,13.7,0.0,1017.7,0.0,1
637,2023-03-18 13:00:00,15.1,0.5,37.0,0.0,0.0,238.0,13.7,0.0,1017.0,0.0,1
638,2023-03-18 14:00:00,15.2,0.6,37.0,0.0,0.0,233.0,13.0,0.0,1016.4,0.0,2
639,2023-03-18 15:00:00,14.8,0.6,38.0,0.0,0.0,232.0,13.0,0.0,1016.4,0.0,3
640,2023-03-18 16:00:00,13.9,1.2,42.0,0.0,0.0,230.0,11.2,0.0,1016.3,0.0,3
641,2023-03-18 17:00:00,12.4,2.3,50.0,0.0,0.0,229.0,9.4,0.0,1016.5,0.0,3
642,2023-03-18 18:00:00,9.3,1.2,57.0,0.0,0.0,226.0,8.6,0.0,1017.2,0.0,1
643,2023-03-18 19:00:00,4.8,-0.4,69.0,0.0,0.0,227.0,8.6,0.0,1018.3,0.0,1
644,2023-03-18 20:00:00,2.8,-1.0,76.0,0.0,0.0,230.0,7.6,0.0,1018.7,0.0,1
645,2023-03-18 21:00:00,1.9,-1.4,79.0,0.0,0.0,232.0,8.6,0.0,1019.1,0.0,1
646,2023-03-18 22:00:00,0.9,-1.5,84.0,0.0,0.0,236.0,8.6,0.0,1019.5,0.0,1
647,2023-03-18 23:00:00,-0.3,-1.9,89.0,0.0,0.0,226.0,9.4,0.0,1019.4,0.0,1
648,2023-03-19 00:00:00,-0.3,-2.0,88.0,0.0,0.0,221.0,8.6,0.0,1019.0,0.0,2
649,2023-03-19 01:00:00,-0.7,-2.3,89.0,0.0,0.0,210.0,9.0,0.0,1019.0,0.0,3
650,2023-03-19 02:00:00,-0.8,-2.5,88.0,0.0,0.0,230.0,9.0,0.0,1019.3,0.0,3
651,2023-03-19 03:00:00,-0.5,-2.6,86.0,0.0,0.0,253.0,8.3,0.0,1019.1,0.0,3
652,2023-03-19 04:00:00,-0.8,-2.5,88.0,0.0,0.0,232.0,7.9,0.0,1018.9,0.0,3
653,2023-03-19 05:00:00,-0.2,-3.2,80.0,0.0,0.0,208.0,7.6,0.0,1019.3,0.0,3
654,2023-03-19 06:00:00,0.5,-3.4,75.0,0.0,0.0,208.0,7.2,0.0,1019.1,0.0,3
655,2023-03-19 07:00:00,1.3,-2.6,75.0,0.0,0.0,210.0,7.2,0.0,1019.4,0.0,3
656,2023-03-19 08:00:00,3.7,-0.9,72.0,0.0,0.0,198.0,7.6,0.0,1019.6,0.0,3
657,2023-03-19 09:00:00,7.6,0.8,62.0,0.0,0.0,104.0,7.2,0.0,1019.9,0.0,3
658,2023-03-19 10:00:00,11.2,1.2,50.0,0.0,0.0,184.0,11.9,0.0,1019.2,0.0,3
659,2023-03-19 11:00:00,13.6,1.2,43.0,0.0,0.0,246.0,15.8,0.0,1018.8,0.0,3
660,2023-03-19 12:00:00,14.7,1.9,42.0,0.0,0.0,249.0,16.2,0.0,1018.3,0.0,3
661,2023-03-19 13:00:00,15.3,3.1,44.0,0.0,0.0,246.0,17.3,0.0,1017.8,0.0,3
662,2023-03-19 14:00:00,15.0,3.8,47.0,0.0,0.0,245.0,18.4,0.0,1017.7,0.0,3
663,2023-03-19 15:00:00,14.2,4.5,52.0,0.0,0.0,245.0,15.8,0.0,1017.5,0.0,3
664,2023-03-19 16:00:00,13.8,4.9,55.0,0.0,0.0,237.0,15.5,0.0,1017.1,0.0,3
665,2023-03-19 17:00:00,12.8,5.7,62.0,0.0,0.0,240.0,13.3,0.0,1017.2,0.0,3
666,2023-03-19 18:00:00,11.2,5.5,68.0,0.0,0.0,246.0,12.6,0.0,1017.8,0.0,3
667,2023-03-19 19:00:00,9.7,5.5,75.0,0.0,0.0,252.0,12.2,0.0,1018.6,0.0,3
668,2023-03-19 20:00:00,9.0,5.6,79.0,0.0,0.0,257.0,11.5,0.0,1019.0,0.0,3
669,2023-03-19 21:00:00,8.3,5.6,83.0,0.0,0.0,268.0,10.4,0.0,1019.2,0.0,3
670,2023-03-19 22:00:00,8.2,5.7,84.0,0.0,0.0,271.0,9.4,0.0,1019.4,0.0,3
671,2023-03-19 23:00:00,7.6,5.6,87.0,0.0,0.0,273.0,9.0,0.0,1019.5,0.0,3
