,pm2.5,datum_od,o3,pm10,co,no2
0,54.0,2023-02-15 19:00:00,1.0,67.0,0.8,86.0
0,53.0,2023-02-15 20:00:00,46.37114427860696,60.0,1.0,78.0
0,58.0,2023-02-15 21:00:00,46.37114427860696,63.0,1.3,78.0
0,63.0,2023-02-15 22:00:00,46.37114427860696,68.0,1.3,70.0
0,66.0,2023-02-15 23:00:00,46.37114427860696,71.0,1.3,60.0
0,64.0,2023-02-16 00:00:00,46.37114427860696,68.0,1.2,52.0
0,65.0,2023-02-16 01:00:00,46.37114427860696,71.0,1.1,46.0
0,64.0,2023-02-16 02:00:00,46.37114427860696,69.0,1.1,42.0
0,56.0,2023-02-16 03:00:00,46.37114427860696,61.0,0.9,37.0
0,58.0,2023-02-16 04:00:00,46.37114427860696,62.0,0.9,38.0
0,56.0,2023-02-16 05:00:00,46.37114427860696,59.0,0.3841990555757355,42.0
0,62.0,2023-02-16 06:00:00,46.37114427860696,64.0,1.0,42.0
0,53.0,2023-02-16 07:00:00,46.37114427860696,53.0,0.9,45.0
0,51.0,2023-02-16 08:00:00,2.0,53.0,0.9,46.0
0,56.0,2023-02-16 09:00:00,3.0,60.0,0.9,46.0
0,58.0,2023-02-16 10:00:00,8.0,62.0,0.8,46.0
0,60.0,2023-02-16 11:00:00,18.0,72.0,0.7,26.22096317280453
0,57.0,2023-02-16 12:00:00,22.0,72.0,0.7,54.0
0,51.0,2023-02-16 13:00:00,31.0,71.0,0.6,54.0
0,57.0,2023-02-16 14:00:00,21.0,91.0,0.7,78.0
0,65.0,2023-02-16 15:00:00,31.0,103.0,0.6,76.0
0,34.0,2023-02-16 16:00:00,94.0,46.0,0.3,22.0
0,35.0,2023-02-16 17:00:00,83.0,41.0,0.4,29.0
0,41.0,2023-02-16 18:00:00,86.0,45.0,0.3,22.0
0,39.0,2023-02-16 19:00:00,76.0,41.0,0.3,28.0
0,41.0,2023-02-16 20:00:00,48.0,45.0,0.5,52.0
0,44.0,2023-02-16 21:00:00,22.0,47.0,0.6,75.0
0,49.0,2023-02-16 22:00:00,6.0,52.0,0.7,83.0
0,60.0,2023-02-16 23:00:00,4.0,63.0,0.8,72.0
0,60.0,2023-02-17 00:00:00,9.0,63.0,0.8,55.0
0,59.0,2023-02-17 01:00:00,14.0,62.0,0.7,42.0
0,59.0,2023-02-17 02:00:00,13.0,62.0,0.7,36.0
0,64.0,2023-02-17 03:00:00,11.0,68.0,0.7,34.0
0,54.0,2023-02-17 04:00:00,46.37114427860696,57.0,0.6,30.0
0,51.0,2023-02-17 05:00:00,6.0,54.0,0.6,36.0
0,50.0,2023-02-17 06:00:00,46.37114427860696,53.0,0.3841990555757355,46.0
0,50.0,2023-02-17 07:00:00,46.37114427860696,55.0,0.9,55.0
0,53.0,2023-02-17 08:00:00,3.0,59.0,0.8,53.0
0,50.0,2023-02-17 09:00:00,11.0,56.0,0.6,49.0
0,52.0,2023-02-17 10:00:00,16.0,64.0,0.6,57.0
0,47.0,2023-02-17 11:00:00,44.0,60.0,0.4,40.0
0,40.0,2023-02-17 12:00:00,82.0,53.0,0.3,26.22096317280453
0,26.0,2023-02-17 13:00:00,91.0,33.0,0.2,13.0
0,30.0,2023-02-17 14:00:00,92.0,35.0,0.3,13.0
0,39.0,2023-02-17 15:00:00,91.0,44.0,0.3,16.0
0,39.0,2023-02-17 16:00:00,94.0,45.0,0.3,15.0
0,39.0,2023-02-17 17:00:00,96.0,43.0,0.3,14.0
0,36.0,2023-02-17 18:00:00,99.0,40.0,0.3,12.0
0,36.0,2023-02-17 19:00:00,99.0,39.0,0.3,12.0
0,38.0,2023-02-17 20:00:00,101.0,40.0,0.3,10.0
0,40.0,2023-02-17 21:00:00,100.0,43.0,0.3,10.0
0,43.0,2023-02-17 22:00:00,99.0,45.0,0.3,9.0
0,44.0,2023-02-17 23:00:00,98.0,46.0,0.3,7.0
0,40.0,2023-02-18 00:00:00,92.0,42.0,0.3,7.0
0,43.0,2023-02-18 01:00:00,91.0,46.0,0.3,7.0
0,45.0,2023-02-18 02:00:00,87.0,47.0,0.3,7.0
0,48.0,2023-02-18 03:00:00,90.0,51.0,0.3,7.0
0,52.0,2023-02-18 04:00:00,46.37114427860696,55.0,0.3,7.0
0,54.0,2023-02-18 05:00:00,91.0,56.0,0.3,8.0
0,58.0,2023-02-18 06:00:00,86.0,61.0,0.3841990555757355,8.0
0,62.0,2023-02-18 07:00:00,81.0,65.0,0.3,9.0
0,63.0,2023-02-18 08:00:00,77.0,67.0,0.3,12.0
0,60.0,2023-02-18 09:00:00,69.0,64.0,0.3,17.0
0,48.0,2023-02-18 10:00:00,74.0,53.0,0.3,12.0
0,43.0,2023-02-18 11:00:00,74.0,49.0,0.3,11.0
0,41.0,2023-02-18 12:00:00,75.0,48.0,0.3,26.22096317280453
0,38.0,2023-02-18 13:00:00,77.0,45.0,0.3,10.0
0,35.0,2023-02-18 14:00:00,79.0,40.0,0.2,8.0
0,32.0,2023-02-18 15:00:00,81.0,37.0,0.2,9.0
0,31.0,2023-02-18 16:00:00,82.0,35.0,0.2,11.0
0,30.0,2023-02-18 17:00:00,83.0,35.0,0.3,12.0
0,27.0,2023-02-18 18:00:00,90.0,31.0,0.2,9.0
0,23.0,2023-02-18 19:00:00,95.0,25.0,0.2,8.0
0,22.0,2023-02-18 20:00:00,95.0,24.0,0.2,8.0
0,29.0,2023-02-18 21:00:00,93.0,31.0,0.2,8.0
0,38.0,2023-02-18 22:00:00,91.0,41.0,0.3,8.0
0,38.0,2023-02-18 23:00:00,92.0,41.0,0.3,7.0
0,35.0,2023-02-19 00:00:00,91.0,37.0,0.2,7.0
0,30.0,2023-02-19 01:00:00,90.0,33.0,0.2,6.0
0,24.0,2023-02-19 02:00:00,88.0,26.0,0.2,6.0
0,21.0,2023-02-19 03:00:00,87.0,22.0,0.2,6.0
0,20.0,2023-02-19 04:00:00,86.0,23.0,0.2,6.0
0,23.0,2023-02-19 05:00:00,46.37114427860696,25.0,0.2,6.0
0,22.0,2023-02-19 06:00:00,78.0,23.0,0.2,8.0
0,25.0,2023-02-19 07:00:00,59.0,26.0,0.3841990555757355,17.0
0,27.0,2023-02-19 08:00:00,52.0,28.0,0.3,20.0
0,27.0,2023-02-19 09:00:00,62.0,29.0,0.3,17.0
0,22.0,2023-02-19 10:00:00,77.0,24.0,0.2,8.0
0,22.0,2023-02-19 11:00:00,76.0,25.0,0.2,8.0
0,23.0,2023-02-19 12:00:00,76.0,26.0,0.2,7.0
0,21.0,2023-02-19 13:00:00,76.0,24.0,0.2,26.22096317280453
0,17.0,2023-02-19 14:00:00,74.0,20.0,0.2,7.0
0,17.0,2023-02-19 15:00:00,74.0,19.0,0.2,7.0
0,17.0,2023-02-19 16:00:00,72.0,19.0,0.2,9.0
0,18.0,2023-02-19 17:00:00,67.0,21.0,0.3,12.0
0,21.0,2023-02-19 18:00:00,59.0,23.0,0.3,19.0
0,26.0,2023-02-19 19:00:00,41.0,28.0,0.4,35.0
0,37.0,2023-02-19 20:00:00,6.0,40.0,0.7,72.0
0,40.0,2023-02-19 21:00:00,5.0,43.0,0.7,66.0
0,34.0,2023-02-19 22:00:00,16.0,36.0,0.5,46.0
0,38.0,2023-02-19 23:00:00,6.0,39.0,0.6,54.0
0,38.0,2023-02-20 00:00:00,10.0,39.0,0.6,40.0
0,35.0,2023-02-20 01:00:00,12.0,37.0,0.6,30.0
0,38.0,2023-02-20 02:00:00,6.0,40.0,0.6,30.0
0,37.0,2023-02-20 03:00:00,4.0,39.0,0.6,29.0
0,36.0,2023-02-20 04:00:00,2.0,37.0,0.6,32.0
0,33.0,2023-02-20 05:00:00,46.37114427860696,34.0,0.6,35.0
0,31.0,2023-02-20 06:00:00,1.0,32.0,0.7,37.0
0,36.0,2023-02-20 07:00:00,1.0,38.0,0.3841990555757355,42.0
0,39.0,2023-02-20 08:00:00,2.0,43.0,0.8,41.0
0,34.0,2023-02-20 09:00:00,6.0,37.0,0.5,39.0
0,37.0,2023-02-20 10:00:00,9.0,43.0,0.5,40.0
0,36.0,2023-02-20 11:00:00,15.0,45.0,0.5,43.0
0,32.0,2023-02-20 12:00:00,25.0,43.0,0.4,34.0
0,24.0,2023-02-20 13:00:00,48.0,34.0,0.3,26.22096317280453
0,24.457279962546817,2023-02-20 14:00:00,46.37114427860696,29.09364970197157,0.3841990555757355,26.22096317280453
0,24.457279962546817,2023-02-20 15:00:00,46.37114427860696,29.09364970197157,0.3841990555757355,26.22096317280453
0,24.457279962546817,2023-02-20 16:00:00,46.37114427860696,29.09364970197157,0.3841990555757355,26.22096317280453
0,24.457279962546817,2023-02-20 17:00:00,46.37114427860696,29.09364970197157,0.3841990555757355,26.22096317280453
0,24.457279962546817,2023-02-20 18:00:00,46.37114427860696,29.09364970197157,0.3841990555757355,26.22096317280453
0,24.457279962546817,2023-02-20 19:00:00,46.37114427860696,29.09364970197157,0.3841990555757355,26.22096317280453
0,24.457279962546817,2023-02-20 20:00:00,46.37114427860696,29.09364970197157,0.3841990555757355,26.22096317280453
0,24.457279962546817,2023-02-20 21:00:00,46.37114427860696,29.09364970197157,0.3841990555757355,26.22096317280453
0,24.457279962546817,2023-02-20 22:00:00,46.37114427860696,29.09364970197157,0.3841990555757355,26.22096317280453
0,24.457279962546817,2023-02-20 23:00:00,46.37114427860696,29.09364970197157,0.3841990555757355,26.22096317280453
0,24.457279962546817,2023-02-21 00:00:00,46.37114427860696,29.09364970197157,0.3841990555757355,26.22096317280453
0,24.457279962546817,2023-02-21 01:00:00,46.37114427860696,29.09364970197157,0.3841990555757355,26.22096317280453
0,24.457279962546817,2023-02-21 02:00:00,46.37114427860696,29.09364970197157,0.3841990555757355,26.22096317280453
0,24.457279962546817,2023-02-21 03:00:00,46.37114427860696,29.09364970197157,0.3841990555757355,26.22096317280453
0,24.457279962546817,2023-02-21 04:00:00,46.37114427860696,29.09364970197157,0.3841990555757355,26.22096317280453
0,24.457279962546817,2023-02-21 05:00:00,46.37114427860696,29.09364970197157,0.3841990555757355,26.22096317280453
0,24.457279962546817,2023-02-21 06:00:00,46.37114427860696,29.09364970197157,0.3841990555757355,26.22096317280453
0,26.0,2023-02-21 07:00:00,3.0,29.0,0.5,55.0
0,23.0,2023-02-21 08:00:00,4.0,28.0,0.3841990555757355,49.0
0,26.0,2023-02-21 09:00:00,7.0,39.0,0.5,45.0
0,34.0,2023-02-21 10:00:00,46.0,56.0,0.4,26.0
0,41.0,2023-02-21 11:00:00,72.0,49.0,0.3,12.0
0,40.0,2023-02-21 12:00:00,74.0,49.0,0.3,11.0
0,38.0,2023-02-21 13:00:00,74.0,49.0,0.3,12.0
0,39.0,2023-02-21 14:00:00,74.0,48.0,0.3,26.22096317280453
0,42.0,2023-02-21 15:00:00,70.0,51.0,0.3,16.0
0,43.0,2023-02-21 16:00:00,64.0,50.0,0.3,20.0
0,45.0,2023-02-21 17:00:00,61.0,51.0,0.3,21.0
0,46.0,2023-02-21 18:00:00,59.0,51.0,0.3,22.0
0,46.0,2023-02-21 19:00:00,57.0,51.0,0.3,21.0
0,48.0,2023-02-21 20:00:00,37.0,54.0,0.4,40.0
0,49.0,2023-02-21 21:00:00,26.0,53.0,0.5,49.0
0,60.0,2023-02-21 22:00:00,8.0,65.0,0.6,60.0
0,60.0,2023-02-21 23:00:00,16.0,64.0,0.6,43.0
0,65.0,2023-02-22 00:00:00,12.0,71.0,0.7,38.0
0,61.0,2023-02-22 01:00:00,11.0,67.0,0.6,33.0
0,59.0,2023-02-22 02:00:00,8.0,64.0,0.6,29.0
0,60.0,2023-02-22 03:00:00,6.0,65.0,0.6,28.0
0,55.0,2023-02-22 04:00:00,3.0,59.0,0.6,29.0
0,51.0,2023-02-22 05:00:00,1.0,54.0,0.6,28.0
0,47.0,2023-02-22 06:00:00,46.37114427860696,51.0,0.7,31.0
0,49.0,2023-02-22 07:00:00,1.0,54.0,0.8,39.0
0,52.0,2023-02-22 08:00:00,3.0,66.0,0.3841990555757355,38.0
0,51.0,2023-02-22 09:00:00,5.0,63.0,0.7,42.0
0,50.0,2023-02-22 10:00:00,11.0,63.0,0.6,41.0
0,51.0,2023-02-22 11:00:00,23.0,66.0,0.5,46.0
0,48.0,2023-02-22 12:00:00,30.0,63.0,0.4,47.0
0,47.0,2023-02-22 13:00:00,40.0,62.0,0.4,43.0
0,40.0,2023-02-22 14:00:00,61.0,52.0,0.3,26.22096317280453
0,35.0,2023-02-22 15:00:00,67.0,45.0,0.3,25.0
0,36.0,2023-02-22 16:00:00,51.0,49.0,0.4,41.0
0,43.0,2023-02-22 17:00:00,29.0,59.0,0.4,61.0
0,29.0,2023-02-22 18:00:00,51.0,40.0,0.3,34.0
0,34.0,2023-02-22 19:00:00,51.0,39.0,0.3,32.0
0,35.0,2023-02-22 20:00:00,55.0,39.0,0.3,25.0
0,34.0,2023-02-22 21:00:00,61.0,39.0,0.3,19.0
0,37.0,2023-02-22 22:00:00,53.0,43.0,0.3,26.0
0,46.0,2023-02-22 23:00:00,17.0,52.0,0.5,45.0
0,50.0,2023-02-23 00:00:00,11.0,56.0,0.6,47.0
0,51.0,2023-02-23 01:00:00,3.0,57.0,0.7,44.0
0,51.0,2023-02-23 02:00:00,4.0,56.0,0.7,39.0
0,46.0,2023-02-23 03:00:00,7.0,50.0,0.6,34.0
0,45.0,2023-02-23 04:00:00,6.0,49.0,0.6,31.0
0,42.0,2023-02-23 05:00:00,6.0,46.0,0.5,32.0
0,40.0,2023-02-23 06:00:00,46.37114427860696,45.0,0.5,38.0
0,40.0,2023-02-23 07:00:00,46.37114427860696,46.0,0.6,44.0
0,41.0,2023-02-23 08:00:00,1.0,49.0,0.6,45.0
0,44.0,2023-02-23 09:00:00,2.0,57.0,0.3841990555757355,47.0
0,48.0,2023-02-23 10:00:00,2.0,65.0,0.6,49.0
0,49.0,2023-02-23 11:00:00,2.0,61.0,0.6,48.0
0,53.0,2023-02-23 12:00:00,2.0,73.0,0.6,50.0
0,54.0,2023-02-23 13:00:00,2.0,67.0,0.6,52.0
0,46.0,2023-02-23 14:00:00,4.0,67.0,0.5,50.0
0,47.0,2023-02-23 15:00:00,6.0,78.0,0.4,26.22096317280453
0,47.0,2023-02-23 16:00:00,2.0,80.0,0.5,57.0
0,52.0,2023-02-23 17:00:00,46.37114427860696,76.0,0.7,63.0
0,56.0,2023-02-23 18:00:00,46.37114427860696,65.0,0.7,58.0
0,55.0,2023-02-23 19:00:00,46.37114427860696,63.0,0.7,53.0
0,59.0,2023-02-23 20:00:00,46.37114427860696,67.0,0.9,57.0
0,64.0,2023-02-23 21:00:00,46.37114427860696,72.0,0.9,49.0
0,61.0,2023-02-23 22:00:00,46.37114427860696,67.0,0.9,42.0
0,47.0,2023-02-23 23:00:00,46.37114427860696,50.0,0.7,35.0
0,49.0,2023-02-24 00:00:00,46.37114427860696,51.0,0.9,34.0
0,58.0,2023-02-24 01:00:00,46.37114427860696,65.0,0.9,34.0
0,44.0,2023-02-24 02:00:00,46.37114427860696,46.0,0.7,31.0
0,42.0,2023-02-24 03:00:00,46.37114427860696,43.0,0.8,35.0
0,39.0,2023-02-24 04:00:00,46.37114427860696,40.0,0.7,33.0
0,33.0,2023-02-24 05:00:00,1.0,33.0,0.6,31.0
0,33.0,2023-02-24 06:00:00,46.37114427860696,34.0,0.7,30.0
0,32.0,2023-02-24 07:00:00,46.37114427860696,33.0,0.7,32.0
0,30.0,2023-02-24 08:00:00,46.37114427860696,32.0,0.7,31.0
0,31.0,2023-02-24 09:00:00,46.37114427860696,32.0,0.3841990555757355,28.0
0,31.0,2023-02-24 10:00:00,46.37114427860696,37.0,0.6,28.0
0,35.0,2023-02-24 11:00:00,46.37114427860696,46.0,0.5,33.0
0,42.0,2023-02-24 12:00:00,46.37114427860696,58.0,0.6,40.0
0,38.0,2023-02-24 13:00:00,46.37114427860696,55.0,0.3,19.0
0,36.0,2023-02-24 14:00:00,46.37114427860696,43.0,0.3,15.0
0,38.0,2023-02-24 15:00:00,46.37114427860696,44.0,0.3,26.22096317280453
0,38.0,2023-02-24 16:00:00,64.0,45.0,0.3,20.0
0,36.0,2023-02-24 17:00:00,62.0,41.0,0.3,21.0
0,34.0,2023-02-24 18:00:00,72.0,39.0,0.3,14.0
0,36.0,2023-02-24 19:00:00,77.0,41.0,0.3,12.0
0,32.0,2023-02-24 20:00:00,79.0,38.0,0.2,11.0
0,25.0,2023-02-24 21:00:00,78.0,32.0,0.2,10.0
0,24.0,2023-02-24 22:00:00,75.0,31.0,0.2,10.0
0,21.0,2023-02-24 23:00:00,73.0,27.0,0.2,11.0
0,19.0,2023-02-25 00:00:00,71.0,26.0,0.2,10.0
0,18.0,2023-02-25 01:00:00,73.0,26.0,0.2,8.0
0,16.0,2023-02-25 02:00:00,79.0,24.0,0.2,5.0
0,15.0,2023-02-25 03:00:00,78.0,25.0,0.2,4.0
0,15.0,2023-02-25 04:00:00,75.0,25.0,0.2,5.0
0,16.0,2023-02-25 05:00:00,71.0,28.0,0.2,6.0
0,16.0,2023-02-25 06:00:00,69.0,26.0,0.2,6.0
0,16.0,2023-02-25 07:00:00,68.0,25.0,0.2,7.0
0,19.0,2023-02-25 08:00:00,69.0,32.0,0.2,8.0
0,20.0,2023-02-25 09:00:00,69.0,35.0,0.2,8.0
0,20.0,2023-02-25 10:00:00,46.37114427860696,35.0,0.3841990555757355,8.0
0,20.0,2023-02-25 11:00:00,72.0,36.0,0.2,8.0
0,20.0,2023-02-25 12:00:00,73.0,36.0,0.2,9.0
0,19.0,2023-02-25 13:00:00,73.0,37.0,0.2,10.0
0,18.0,2023-02-25 14:00:00,76.0,40.0,0.2,10.0
0,20.0,2023-02-25 15:00:00,62.0,37.0,0.2,16.0
0,22.0,2023-02-25 16:00:00,49.0,40.0,0.3,26.22096317280453
0,27.0,2023-02-25 17:00:00,28.0,43.0,0.4,43.0
0,27.0,2023-02-25 18:00:00,28.0,39.0,0.3,30.0
0,14.0,2023-02-25 19:00:00,50.0,19.0,0.3,10.0
0,5.0,2023-02-25 20:00:00,59.0,7.0,0.2,11.0
0,24.457279962546817,2023-02-25 21:00:00,62.0,2.0,0.2,14.0
0,24.457279962546817,2023-02-25 22:00:00,68.0,2.0,0.2,7.0
0,24.457279962546817,2023-02-25 23:00:00,63.0,29.09364970197157,0.2,7.0
0,24.457279962546817,2023-02-26 00:00:00,61.0,29.09364970197157,0.2,7.0
0,24.457279962546817,2023-02-26 01:00:00,60.0,29.09364970197157,0.2,7.0
0,24.457279962546817,2023-02-26 02:00:00,62.0,29.09364970197157,0.2,6.0
0,24.457279962546817,2023-02-26 03:00:00,64.0,29.09364970197157,0.2,6.0
0,24.457279962546817,2023-02-26 04:00:00,69.0,29.09364970197157,0.2,4.0
0,24.457279962546817,2023-02-26 05:00:00,71.0,29.09364970197157,0.2,4.0
0,24.457279962546817,2023-02-26 06:00:00,69.0,29.09364970197157,0.2,4.0
0,24.457279962546817,2023-02-26 07:00:00,67.0,29.09364970197157,0.2,4.0
0,24.457279962546817,2023-02-26 08:00:00,66.0,29.09364970197157,0.2,5.0
0,3.0,2023-02-26 09:00:00,64.0,3.0,0.2,7.0
0,4.0,2023-02-26 10:00:00,58.0,4.0,0.3841990555757355,11.0
0,4.0,2023-02-26 11:00:00,46.37114427860696,5.0,0.2,11.0
0,4.0,2023-02-26 12:00:00,65.0,4.0,0.2,7.0
0,4.0,2023-02-26 13:00:00,69.0,5.0,0.2,6.0
0,4.0,2023-02-26 14:00:00,70.0,5.0,0.2,6.0
0,4.0,2023-02-26 15:00:00,69.0,5.0,0.2,6.0
0,4.0,2023-02-26 16:00:00,66.0,5.0,0.2,26.22096317280453
0,3.0,2023-02-26 17:00:00,65.0,4.0,0.2,7.0
0,3.0,2023-02-26 18:00:00,68.0,4.0,0.2,7.0
0,3.0,2023-02-26 19:00:00,66.0,4.0,0.2,8.0
0,5.0,2023-02-26 20:00:00,61.0,5.0,0.2,10.0
0,4.0,2023-02-26 21:00:00,64.0,4.0,0.2,9.0
0,4.0,2023-02-26 22:00:00,68.0,5.0,0.2,5.0
0,4.0,2023-02-26 23:00:00,68.0,5.0,0.2,4.0
0,3.0,2023-02-27 00:00:00,70.0,4.0,0.2,5.0
0,3.0,2023-02-27 01:00:00,72.0,4.0,0.2,3.0
0,3.0,2023-02-27 02:00:00,73.0,4.0,0.2,3.0
0,3.0,2023-02-27 03:00:00,68.0,4.0,0.2,6.0
0,3.0,2023-02-27 04:00:00,65.0,4.0,0.2,8.0
0,3.0,2023-02-27 05:00:00,64.0,6.0,0.2,10.0
0,4.0,2023-02-27 06:00:00,53.0,7.0,0.2,20.0
0,5.0,2023-02-27 07:00:00,47.0,9.0,0.2,26.0
0,6.0,2023-02-27 08:00:00,51.0,10.0,0.2,23.0
0,7.0,2023-02-27 09:00:00,57.0,14.0,0.2,19.0
0,7.0,2023-02-27 10:00:00,68.0,11.0,0.2,10.0
0,8.0,2023-02-27 11:00:00,46.37114427860696,10.0,0.3841990555757355,9.0
0,9.0,2023-02-27 12:00:00,71.0,12.0,0.2,9.0
0,10.0,2023-02-27 13:00:00,72.0,12.0,0.2,10.0
0,10.0,2023-02-27 14:00:00,73.0,12.0,0.2,11.0
0,9.0,2023-02-27 15:00:00,69.0,13.0,0.2,14.0
0,11.0,2023-02-27 16:00:00,65.0,14.0,0.3,16.0
0,9.0,2023-02-27 17:00:00,64.0,12.0,0.2,26.22096317280453
0,12.0,2023-02-27 18:00:00,60.0,15.0,0.3,17.0
0,12.0,2023-02-27 19:00:00,62.0,14.0,0.2,14.0
0,14.0,2023-02-27 20:00:00,56.0,15.0,0.3,16.0
0,13.0,2023-02-27 21:00:00,58.0,15.0,0.3,12.0
0,14.0,2023-02-27 22:00:00,55.0,16.0,0.3,13.0
0,14.0,2023-02-27 23:00:00,59.0,16.0,0.2,10.0
0,14.0,2023-02-28 00:00:00,62.0,16.0,0.2,7.0
0,13.0,2023-02-28 01:00:00,64.0,15.0,0.2,5.0
0,13.0,2023-02-28 02:00:00,65.0,15.0,0.2,5.0
0,14.0,2023-02-28 03:00:00,63.0,15.0,0.2,5.0
0,14.0,2023-02-28 04:00:00,63.0,16.0,0.2,5.0
0,14.0,2023-02-28 05:00:00,60.0,15.0,0.2,9.0
0,15.0,2023-02-28 06:00:00,48.0,18.0,0.3,20.0
0,16.0,2023-02-28 07:00:00,53.0,20.0,0.2,16.0
0,17.0,2023-02-28 08:00:00,53.0,22.0,0.3,16.0
0,17.0,2023-02-28 09:00:00,54.0,22.0,0.2,13.0
0,17.0,2023-02-28 10:00:00,53.0,21.0,0.2,14.0
0,17.0,2023-02-28 11:00:00,55.0,21.0,0.3841990555757355,14.0
0,18.0,2023-02-28 12:00:00,46.37114427860696,22.0,0.2,12.0
0,19.0,2023-02-28 13:00:00,61.0,23.0,0.2,12.0
0,19.0,2023-02-28 14:00:00,59.0,23.0,0.3,16.0
0,20.0,2023-02-28 15:00:00,53.0,25.0,0.3,22.0
0,22.0,2023-02-28 16:00:00,50.0,29.0,0.3,24.0
0,22.0,2023-02-28 17:00:00,48.0,28.0,0.3,26.22096317280453
0,24.0,2023-02-28 18:00:00,45.0,29.0,0.3,25.0
0,25.0,2023-02-28 19:00:00,44.0,30.0,0.3,26.0
0,24.0,2023-02-28 20:00:00,51.0,28.0,0.3,20.0
0,22.0,2023-02-28 21:00:00,58.0,25.0,0.3,14.0
0,23.0,2023-02-28 22:00:00,51.0,27.0,0.3,18.0
0,24.0,2023-02-28 23:00:00,54.0,27.0,0.3,13.0
0,22.0,2023-03-01 00:00:00,56.0,25.0,0.3,11.0
0,21.0,2023-03-01 01:00:00,58.0,24.0,0.3,9.0
0,28.0,2023-03-01 02:00:00,36.0,31.0,0.4,17.0
0,28.0,2023-03-01 03:00:00,44.0,31.0,0.3,12.0
0,27.0,2023-03-01 04:00:00,46.0,29.0,0.3,12.0
0,24.0,2023-03-01 05:00:00,57.0,27.0,0.3,10.0
0,24.0,2023-03-01 06:00:00,47.0,26.0,0.3,16.0
0,24.0,2023-03-01 07:00:00,36.0,27.0,0.3,28.0
0,24.0,2023-03-01 08:00:00,29.0,27.0,0.3,37.0
0,24.0,2023-03-01 09:00:00,33.0,27.0,0.3,33.0
0,26.0,2023-03-01 10:00:00,39.0,29.0,0.3,25.0
0,23.0,2023-03-01 11:00:00,48.0,30.0,0.3,19.0
0,26.0,2023-03-01 12:00:00,46.37114427860696,34.0,0.3841990555757355,26.0
0,20.0,2023-03-01 13:00:00,45.0,30.0,0.3,23.0
0,18.0,2023-03-01 14:00:00,41.0,26.0,0.3,26.0
0,16.0,2023-03-01 15:00:00,41.0,24.0,0.3,26.0
0,13.0,2023-03-01 16:00:00,37.0,19.0,0.3,28.0
0,11.0,2023-03-01 17:00:00,27.0,13.0,0.4,32.0
0,15.0,2023-03-01 18:00:00,9.0,17.0,0.4,26.22096317280453
0,15.0,2023-03-01 19:00:00,9.0,16.0,0.5,39.0
0,16.0,2023-03-01 20:00:00,3.0,17.0,0.5,46.0
0,13.0,2023-03-01 21:00:00,12.0,13.0,0.4,36.0
0,9.0,2023-03-01 22:00:00,15.0,9.0,0.4,30.0
0,8.0,2023-03-01 23:00:00,19.0,8.0,0.4,26.0
0,14.0,2023-03-02 00:00:00,16.0,15.0,0.4,25.0
0,22.0,2023-03-02 01:00:00,13.0,22.0,0.5,23.0
0,23.0,2023-03-02 02:00:00,18.0,24.0,0.4,17.0
0,21.0,2023-03-02 03:00:00,20.0,22.0,0.4,16.0
0,21.0,2023-03-02 04:00:00,8.0,22.0,0.4,27.0
0,19.0,2023-03-02 05:00:00,4.0,20.0,0.4,31.0
0,14.0,2023-03-02 06:00:00,4.0,15.0,0.4,34.0
0,16.0,2023-03-02 07:00:00,2.0,18.0,0.5,40.0
0,15.0,2023-03-02 08:00:00,2.0,17.0,0.5,47.0
0,15.0,2023-03-02 09:00:00,4.0,18.0,0.5,49.0
0,24.457279962546817,2023-03-02 11:00:00,46.37114427860696,29.09364970197157,0.3841990555757355,26.22096317280453
0,11.0,2023-03-02 12:00:00,47.0,13.0,0.3841990555757355,19.0
0,11.0,2023-03-02 13:00:00,46.37114427860696,13.0,0.3,23.0
0,12.0,2023-03-02 14:00:00,43.0,13.0,0.3,26.0
0,11.0,2023-03-02 15:00:00,44.0,14.0,0.4,28.0
0,13.0,2023-03-02 16:00:00,47.0,15.0,0.3,29.0
0,13.0,2023-03-02 17:00:00,48.0,17.0,0.3,26.0
0,15.0,2023-03-02 18:00:00,49.0,20.0,0.3,26.22096317280453
0,18.0,2023-03-02 19:00:00,36.0,23.0,0.4,34.0
0,22.0,2023-03-02 20:00:00,14.0,28.0,0.5,53.0
0,32.0,2023-03-02 21:00:00,3.0,36.0,0.7,61.0
0,32.0,2023-03-02 22:00:00,3.0,37.0,0.6,53.0
0,33.0,2023-03-02 23:00:00,13.0,37.0,0.6,39.0
0,31.0,2023-03-03 00:00:00,26.0,34.0,0.5,25.0
0,30.0,2023-03-03 01:00:00,26.0,33.0,0.5,22.0
0,30.0,2023-03-03 02:00:00,21.0,32.0,0.5,22.0
0,32.0,2023-03-03 03:00:00,12.0,35.0,0.5,27.0
0,31.0,2023-03-03 04:00:00,13.0,35.0,0.5,26.0
0,30.0,2023-03-03 05:00:00,14.0,34.0,0.5,26.0
0,30.0,2023-03-03 06:00:00,4.0,35.0,0.5,35.0
0,33.0,2023-03-03 07:00:00,4.0,37.0,0.5,35.0
0,33.0,2023-03-03 08:00:00,5.0,35.0,0.5,33.0
0,30.0,2023-03-03 09:00:00,9.0,33.0,0.5,30.0
0,30.0,2023-03-03 10:00:00,19.0,32.0,0.5,27.0
0,27.0,2023-03-03 11:00:00,29.0,29.0,0.4,24.0
0,24.0,2023-03-03 12:00:00,24.0,27.0,0.4,31.0
0,24.0,2023-03-03 13:00:00,46.37114427860696,27.0,0.3841990555757355,29.0
0,23.0,2023-03-03 14:00:00,36.0,25.0,0.4,26.0
0,21.0,2023-03-03 15:00:00,38.0,24.0,0.4,25.0
0,21.0,2023-03-03 16:00:00,36.0,24.0,0.4,28.0
0,22.0,2023-03-03 17:00:00,33.0,25.0,0.4,30.0
0,24.0,2023-03-03 18:00:00,15.0,27.0,0.5,46.0
0,31.0,2023-03-03 19:00:00,3.0,35.0,0.8,26.22096317280453
0,36.0,2023-03-03 20:00:00,3.0,43.0,0.8,60.0
0,40.0,2023-03-03 21:00:00,3.0,48.0,0.8,49.0
0,40.0,2023-03-03 22:00:00,2.0,44.0,0.8,45.0
0,39.0,2023-03-03 23:00:00,2.0,43.0,0.9,39.0
0,39.0,2023-03-04 00:00:00,9.0,42.0,0.6,32.0
0,36.0,2023-03-04 01:00:00,12.0,37.0,0.5,28.0
0,38.0,2023-03-04 02:00:00,4.0,42.0,0.5,26.0
0,40.0,2023-03-04 03:00:00,2.0,46.0,0.6,29.0
0,38.0,2023-03-04 04:00:00,4.0,40.0,0.5,27.0
0,32.0,2023-03-04 05:00:00,13.0,34.0,0.5,22.0
0,29.0,2023-03-04 06:00:00,17.0,31.0,0.4,18.0
0,25.0,2023-03-04 07:00:00,23.0,28.0,0.4,15.0
0,24.0,2023-03-04 08:00:00,25.0,27.0,0.4,14.0
0,24.0,2023-03-04 09:00:00,28.0,28.0,0.3,14.0
0,27.0,2023-03-04 10:00:00,24.0,33.0,0.4,20.0
0,29.0,2023-03-04 11:00:00,31.0,34.0,0.4,21.0
0,36.0,2023-03-04 12:00:00,29.0,44.0,0.4,29.0
0,38.0,2023-03-04 13:00:00,45.0,47.0,0.3841990555757355,24.0
0,35.0,2023-03-04 14:00:00,46.37114427860696,42.0,0.4,22.0
0,30.0,2023-03-04 15:00:00,75.0,37.0,0.3,20.0
0,27.0,2023-03-04 16:00:00,80.0,35.0,0.3,18.0
0,20.0,2023-03-04 17:00:00,78.0,27.0,0.3,19.0
0,19.0,2023-03-04 18:00:00,39.0,28.0,0.5,51.0
0,37.0,2023-03-04 19:00:00,5.0,56.0,0.7,26.22096317280453
0,46.0,2023-03-04 20:00:00,13.0,59.0,0.7,64.0
0,36.0,2023-03-04 21:00:00,6.0,46.0,0.7,66.0
0,38.0,2023-03-04 22:00:00,3.0,48.0,0.8,62.0
0,40.0,2023-03-04 23:00:00,3.0,47.0,0.8,57.0
0,37.0,2023-03-05 00:00:00,2.0,43.0,0.7,48.0
0,40.0,2023-03-05 01:00:00,2.0,46.0,0.7,43.0
0,41.0,2023-03-05 02:00:00,2.0,46.0,0.7,38.0
0,38.0,2023-03-05 03:00:00,1.0,43.0,0.7,35.0
0,38.0,2023-03-05 04:00:00,46.37114427860696,43.0,0.7,32.0
0,36.0,2023-03-05 05:00:00,46.37114427860696,39.0,0.6,28.0
0,34.0,2023-03-05 06:00:00,46.37114427860696,36.0,0.6,28.0
0,33.0,2023-03-05 07:00:00,6.0,34.0,0.6,23.0
0,33.0,2023-03-05 08:00:00,7.0,36.0,0.6,20.0
0,36.0,2023-03-05 09:00:00,9.0,40.0,0.6,21.0
0,36.0,2023-03-05 10:00:00,26.0,42.0,0.5,18.0
0,25.0,2023-03-05 11:00:00,59.0,29.0,0.3,8.0
0,21.0,2023-03-05 12:00:00,69.0,23.0,0.3,6.0
0,20.0,2023-03-05 13:00:00,78.0,22.0,0.2,6.0
0,20.0,2023-03-05 14:00:00,46.37114427860696,24.0,0.3841990555757355,6.0
0,18.0,2023-03-05 15:00:00,88.0,22.0,0.2,7.0
0,17.0,2023-03-05 16:00:00,89.0,21.0,0.2,8.0
0,19.0,2023-03-05 17:00:00,79.0,23.0,0.3,14.0
0,24.0,2023-03-05 18:00:00,42.0,31.0,0.4,43.0
0,33.0,2023-03-05 19:00:00,18.0,44.0,0.6,66.0
0,40.0,2023-03-05 20:00:00,15.0,49.0,0.6,26.22096317280453
0,40.0,2023-03-05 21:00:00,32.0,47.0,0.5,36.0
0,42.0,2023-03-05 22:00:00,8.0,49.0,0.8,56.0
0,46.0,2023-03-05 23:00:00,8.0,53.0,0.7,48.0
0,47.0,2023-03-06 00:00:00,10.0,53.0,0.7,42.0
0,45.0,2023-03-06 01:00:00,17.0,50.0,0.6,32.0
0,38.0,2023-03-06 02:00:00,21.0,43.0,0.5,25.0
0,38.0,2023-03-06 03:00:00,14.0,44.0,0.6,29.0
0,37.0,2023-03-06 04:00:00,11.0,42.0,0.6,30.0
0,40.0,2023-03-06 05:00:00,5.0,45.0,0.6,35.0
0,39.0,2023-03-06 06:00:00,4.0,45.0,0.6,41.0
0,39.0,2023-03-06 07:00:00,3.0,48.0,0.6,43.0
0,40.0,2023-03-06 08:00:00,7.0,56.0,0.6,43.0
0,44.0,2023-03-06 09:00:00,6.0,58.0,0.7,48.0
0,45.0,2023-03-06 10:00:00,12.0,62.0,0.6,46.0
0,36.0,2023-03-06 11:00:00,30.0,44.0,0.4,30.0
0,36.0,2023-03-06 12:00:00,36.0,44.0,0.4,32.0
0,35.0,2023-03-06 13:00:00,41.0,44.0,0.4,34.0
0,34.0,2023-03-06 14:00:00,30.0,45.0,0.3841990555757355,45.0
0,33.0,2023-03-06 15:00:00,46.37114427860696,43.0,0.4,46.0
0,27.0,2023-03-06 16:00:00,29.0,32.0,0.4,47.0
0,30.0,2023-03-06 17:00:00,22.0,34.0,0.4,47.0
0,30.0,2023-03-06 18:00:00,14.0,34.0,0.5,54.0
0,33.0,2023-03-06 19:00:00,11.0,36.0,0.5,55.0
0,30.0,2023-03-06 20:00:00,14.0,33.0,0.5,26.22096317280453
0,28.0,2023-03-06 21:00:00,11.0,31.0,0.6,62.0
0,30.0,2023-03-06 22:00:00,19.0,32.0,0.5,50.0
0,30.0,2023-03-06 23:00:00,18.0,32.0,0.5,37.0
0,31.0,2023-03-07 00:00:00,27.0,33.0,0.5,25.0
0,28.0,2023-03-07 01:00:00,31.0,29.0,0.4,20.0
0,23.0,2023-03-07 02:00:00,33.0,25.0,0.4,15.0
0,21.0,2023-03-07 03:00:00,34.0,23.0,0.4,14.0
0,22.0,2023-03-07 04:00:00,45.0,23.0,0.4,14.0
0,15.0,2023-03-07 05:00:00,46.0,16.0,0.3,16.0
0,19.0,2023-03-07 06:00:00,27.0,20.0,0.3,32.0
0,20.0,2023-03-07 07:00:00,13.0,22.0,0.4,48.0
0,21.0,2023-03-07 08:00:00,14.0,23.0,0.4,44.0
0,24.0,2023-03-07 09:00:00,24.0,28.0,0.4,33.0
0,27.0,2023-03-07 10:00:00,29.0,31.0,0.4,29.0
0,32.0,2023-03-07 11:00:00,35.0,37.0,0.4,25.0
0,33.0,2023-03-07 12:00:00,37.0,40.0,0.4,26.0
0,34.0,2023-03-07 13:00:00,34.0,42.0,0.4,31.0
0,35.0,2023-03-07 14:00:00,30.0,43.0,0.4,37.0
0,36.0,2023-03-07 15:00:00,46.37114427860696,48.0,0.3841990555757355,45.0
0,36.0,2023-03-07 16:00:00,19.0,50.0,0.4,54.0
0,22.0,2023-03-07 17:00:00,60.0,35.0,0.3,37.0
0,13.0,2023-03-07 18:00:00,52.0,23.0,0.3,45.0
0,16.0,2023-03-07 19:00:00,57.0,25.0,0.4,41.0
0,19.0,2023-03-07 20:00:00,50.0,26.0,0.4,36.0
0,24.0,2023-03-07 21:00:00,29.0,29.0,0.5,26.22096317280453
0,27.0,2023-03-07 22:00:00,28.0,32.0,0.5,51.0
0,17.0,2023-03-07 23:00:00,40.0,21.0,0.4,37.0
0,30.0,2023-03-08 00:00:00,10.0,35.0,0.5,46.0
0,33.0,2023-03-08 01:00:00,12.0,38.0,0.5,40.0
0,31.0,2023-03-08 02:00:00,10.0,35.0,0.5,43.0
0,16.0,2023-03-08 03:00:00,70.0,19.0,0.2,13.0
0,13.0,2023-03-08 04:00:00,65.0,17.0,0.2,13.0
0,14.0,2023-03-08 05:00:00,16.0,19.0,0.3,56.0
0,15.0,2023-03-08 06:00:00,24.0,21.0,0.3,51.0
0,20.0,2023-03-08 07:00:00,6.0,27.0,0.5,65.0
0,12.0,2023-03-08 08:00:00,58.0,20.0,0.3,34.0
0,8.0,2023-03-08 09:00:00,78.0,13.0,0.2,17.0
0,6.0,2023-03-08 10:00:00,89.0,9.0,0.2,11.0
0,6.0,2023-03-08 11:00:00,88.0,9.0,0.2,11.0
0,5.0,2023-03-08 12:00:00,87.0,9.0,0.2,14.0
0,4.0,2023-03-08 13:00:00,91.0,8.0,0.2,10.0
0,4.0,2023-03-08 14:00:00,95.0,7.0,0.2,8.0
0,3.0,2023-03-08 15:00:00,92.0,7.0,0.3841990555757355,11.0
0,3.0,2023-03-08 16:00:00,46.37114427860696,6.0,0.2,12.0
0,3.0,2023-03-08 17:00:00,92.0,6.0,0.2,11.0
0,4.0,2023-03-08 18:00:00,90.0,6.0,0.2,12.0
0,5.0,2023-03-08 19:00:00,88.0,8.0,0.2,15.0
0,5.0,2023-03-08 20:00:00,92.0,8.0,0.2,11.0
0,5.0,2023-03-08 21:00:00,93.0,8.0,0.2,26.22096317280453
0,6.0,2023-03-08 22:00:00,77.0,9.0,0.2,20.0
0,7.0,2023-03-08 23:00:00,86.0,10.0,0.2,10.0
0,7.0,2023-03-09 00:00:00,90.0,9.0,0.2,5.0
0,8.0,2023-03-09 01:00:00,86.0,11.0,0.2,6.0
0,8.0,2023-03-09 02:00:00,82.0,11.0,0.2,6.0
0,6.0,2023-03-09 03:00:00,82.0,7.0,0.2,5.0
0,3.0,2023-03-09 04:00:00,79.0,4.0,0.2,6.0
0,24.457279962546817,2023-03-09 05:00:00,79.0,2.0,0.2,7.0
0,24.457279962546817,2023-03-09 06:00:00,69.0,29.09364970197157,0.2,15.0
0,2.0,2023-03-09 07:00:00,53.0,4.0,0.2,28.0
0,3.0,2023-03-09 08:00:00,35.0,4.0,0.3,46.0
0,3.0,2023-03-09 09:00:00,44.0,6.0,0.3,38.0
0,24.457279962546817,2023-03-09 10:00:00,74.0,4.0,0.2,12.0
0,3.0,2023-03-09 11:00:00,77.0,5.0,0.2,10.0
0,5.0,2023-03-09 12:00:00,75.0,8.0,0.2,11.0
0,5.0,2023-03-09 13:00:00,83.0,10.0,0.2,9.0
0,5.0,2023-03-09 14:00:00,88.0,8.0,0.2,9.0
0,6.0,2023-03-09 15:00:00,90.0,9.0,0.2,10.0
0,7.0,2023-03-09 16:00:00,46.37114427860696,11.0,0.3841990555757355,11.0
0,11.0,2023-03-09 17:00:00,92.0,15.0,0.2,15.0
0,15.0,2023-03-09 18:00:00,55.0,21.0,0.3,44.0
0,18.0,2023-03-09 19:00:00,34.0,30.0,0.4,63.0
0,25.0,2023-03-09 20:00:00,13.0,37.0,0.5,76.0
0,30.0,2023-03-09 21:00:00,5.0,44.0,0.6,80.0
0,33.0,2023-03-09 22:00:00,5.0,44.0,0.8,26.22096317280453
0,34.0,2023-03-09 23:00:00,5.0,44.0,0.8,68.0
0,35.0,2023-03-10 00:00:00,12.0,42.0,0.6,46.0
0,36.0,2023-03-10 01:00:00,6.0,42.0,0.6,44.0
0,35.0,2023-03-10 02:00:00,3.0,42.0,0.6,43.0
0,35.0,2023-03-10 03:00:00,3.0,41.0,0.6,41.0
0,27.0,2023-03-10 04:00:00,4.0,32.0,0.5,34.0
0,25.0,2023-03-10 05:00:00,2.0,33.0,0.5,33.0
0,23.0,2023-03-10 06:00:00,1.0,28.0,0.5,32.0
0,21.0,2023-03-10 07:00:00,2.0,29.0,0.5,37.0
0,23.0,2023-03-10 08:00:00,8.0,33.0,0.5,33.0
0,22.0,2023-03-10 09:00:00,20.0,33.0,0.4,30.0
0,23.0,2023-03-10 10:00:00,24.0,38.0,0.4,41.0
0,13.0,2023-03-10 11:00:00,38.0,22.0,0.3,31.0
0,10.0,2023-03-10 12:00:00,64.0,17.0,0.2,19.0
0,4.0,2023-03-10 13:00:00,77.0,9.0,0.2,14.0
0,5.0,2023-03-10 14:00:00,69.0,10.0,0.2,17.0
0,4.0,2023-03-10 15:00:00,77.0,8.0,0.2,13.0
0,4.0,2023-03-10 16:00:00,73.0,7.0,0.3841990555757355,15.0
0,4.0,2023-03-10 17:00:00,46.37114427860696,8.0,0.2,20.0
0,5.0,2023-03-10 18:00:00,66.0,8.0,0.2,22.0
0,6.0,2023-03-10 19:00:00,59.0,9.0,0.2,27.0
0,7.0,2023-03-10 20:00:00,62.0,10.0,0.2,22.0
0,8.0,2023-03-10 21:00:00,60.0,11.0,0.2,22.0
0,8.0,2023-03-10 22:00:00,66.0,10.0,0.2,26.22096317280453
0,14.0,2023-03-10 23:00:00,45.0,18.0,0.3,26.0
0,18.0,2023-03-11 00:00:00,32.0,22.0,0.3,30.0
0,17.0,2023-03-11 01:00:00,24.0,21.0,0.4,28.0
0,19.0,2023-03-11 02:00:00,22.0,22.0,0.4,26.0
0,19.0,2023-03-11 03:00:00,19.0,22.0,0.4,22.0
0,15.0,2023-03-11 04:00:00,31.0,17.0,0.3,15.0
0,10.0,2023-03-11 05:00:00,34.0,12.0,0.3,15.0
0,12.0,2023-03-11 06:00:00,17.0,14.0,0.3,24.0
0,15.0,2023-03-11 07:00:00,9.0,19.0,0.4,32.0
0,15.0,2023-03-11 08:00:00,14.0,19.0,0.3,28.0
0,11.0,2023-03-11 09:00:00,28.0,23.0,0.3,22.0
0,13.0,2023-03-11 10:00:00,30.0,24.0,0.3,24.0
0,9.0,2023-03-11 11:00:00,55.0,12.0,0.2,13.0
0,5.0,2023-03-11 12:00:00,78.0,8.0,0.2,9.0
0,3.0,2023-03-11 13:00:00,84.0,7.0,0.2,7.0
0,3.0,2023-03-11 14:00:00,84.0,6.0,0.2,6.0
0,4.0,2023-03-11 15:00:00,80.0,7.0,0.2,6.0
0,5.0,2023-03-11 16:00:00,77.0,8.0,0.2,6.0
0,5.0,2023-03-11 17:00:00,46.37114427860696,6.0,0.3841990555757355,9.0
0,5.0,2023-03-11 18:00:00,68.0,7.0,0.2,11.0
0,7.0,2023-03-11 19:00:00,60.0,10.0,0.3,16.0
0,8.0,2023-03-11 20:00:00,58.0,10.0,0.3,18.0
0,9.0,2023-03-11 21:00:00,57.0,12.0,0.3,19.0
0,5.0,2023-03-11 22:00:00,77.0,8.0,0.2,11.0
0,3.0,2023-03-11 23:00:00,80.0,6.0,0.2,26.22096317280453
0,3.0,2023-03-12 00:00:00,79.0,5.0,0.2,7.0
0,4.0,2023-03-12 01:00:00,78.0,6.0,0.2,6.0
0,4.0,2023-03-12 02:00:00,80.0,5.0,0.2,4.0
0,4.0,2023-03-12 03:00:00,78.0,5.0,0.2,5.0
0,3.0,2023-03-12 04:00:00,73.0,4.0,0.2,8.0
0,4.0,2023-03-12 05:00:00,74.0,4.0,0.2,5.0
0,4.0,2023-03-12 06:00:00,67.0,5.0,0.2,10.0
0,4.0,2023-03-12 07:00:00,64.0,7.0,0.2,13.0
0,3.0,2023-03-12 08:00:00,77.0,5.0,0.2,7.0
0,3.0,2023-03-12 09:00:00,83.0,4.0,0.2,4.0
0,4.0,2023-03-12 10:00:00,85.0,5.0,0.2,4.0
0,4.0,2023-03-12 11:00:00,86.0,6.0,0.2,6.0
0,5.0,2023-03-12 12:00:00,88.0,7.0,0.2,6.0
0,5.0,2023-03-12 13:00:00,90.0,6.0,0.2,6.0
0,5.0,2023-03-12 14:00:00,91.0,6.0,0.2,7.0
0,5.0,2023-03-12 15:00:00,91.0,7.0,0.2,9.0
0,5.0,2023-03-12 16:00:00,90.0,7.0,0.2,9.0
0,5.0,2023-03-12 17:00:00,89.0,6.0,0.3841990555757355,9.0
0,7.0,2023-03-12 18:00:00,46.37114427860696,10.0,0.3841990555757355,20.0
0,8.0,2023-03-12 19:00:00,57.0,11.0,0.3841990555757355,29.0
0,20.0,2023-03-12 20:00:00,18.0,26.0,0.3841990555757355,64.0
0,27.0,2023-03-12 21:00:00,9.0,35.0,0.3841990555757355,69.0
0,26.0,2023-03-12 22:00:00,16.0,31.0,0.3841990555757355,49.0
0,27.0,2023-03-12 23:00:00,8.0,32.0,0.3841990555757355,26.22096317280453
0,26.0,2023-03-13 00:00:00,10.0,31.0,0.3841990555757355,46.0
0,27.0,2023-03-13 01:00:00,10.0,31.0,0.3841990555757355,41.0
0,23.0,2023-03-13 02:00:00,22.0,25.0,0.3841990555757355,27.0
0,22.0,2023-03-13 03:00:00,14.0,26.0,0.3841990555757355,27.0
0,21.0,2023-03-13 04:00:00,7.0,25.0,0.3841990555757355,30.0
0,20.0,2023-03-13 05:00:00,8.0,24.0,0.3841990555757355,32.0
0,19.0,2023-03-13 06:00:00,3.0,25.0,0.3841990555757355,38.0
0,19.0,2023-03-13 07:00:00,12.0,27.0,0.3841990555757355,42.0
0,24.0,2023-03-13 08:00:00,5.0,42.0,0.3841990555757355,49.0
0,28.0,2023-03-13 09:00:00,10.0,48.0,0.3841990555757355,48.0
0,27.0,2023-03-13 10:00:00,26.0,45.0,0.3841990555757355,43.0
0,19.0,2023-03-13 11:00:00,47.0,29.0,0.3841990555757355,32.0
0,17.0,2023-03-13 12:00:00,73.0,25.0,0.3841990555757355,21.0
0,4.0,2023-03-13 13:00:00,98.0,8.0,0.2,7.0
0,4.0,2023-03-13 14:00:00,99.0,8.0,0.2,7.0
0,4.0,2023-03-13 15:00:00,99.0,8.0,0.2,8.0
0,4.0,2023-03-13 16:00:00,95.0,7.0,0.2,10.0
0,4.0,2023-03-13 17:00:00,94.0,7.0,0.2,10.0
0,4.0,2023-03-13 18:00:00,46.37114427860696,7.0,0.2,10.0
0,5.0,2023-03-13 19:00:00,90.0,7.0,0.2,11.0
0,6.0,2023-03-13 20:00:00,93.0,8.0,0.2,9.0
0,6.0,2023-03-13 21:00:00,90.0,8.0,0.2,9.0
0,6.0,2023-03-13 22:00:00,91.0,8.0,0.2,8.0
0,5.0,2023-03-13 23:00:00,94.0,7.0,0.2,4.0
0,4.0,2023-03-14 00:00:00,94.0,5.0,0.2,26.22096317280453
0,4.0,2023-03-14 01:00:00,93.0,6.0,0.2,4.0
0,4.0,2023-03-14 02:00:00,92.0,7.0,0.2,4.0
0,5.0,2023-03-14 03:00:00,88.0,6.0,0.2,4.0
0,5.0,2023-03-14 04:00:00,81.0,7.0,0.2,5.0
0,4.0,2023-03-14 05:00:00,79.0,7.0,0.2,6.0
0,4.0,2023-03-14 06:00:00,76.0,8.0,0.2,11.0
0,4.0,2023-03-14 07:00:00,79.0,8.0,0.2,10.0
0,4.0,2023-03-14 08:00:00,81.0,6.0,0.2,9.0
0,3.0,2023-03-14 09:00:00,79.0,5.0,0.2,10.0
0,3.0,2023-03-14 10:00:00,83.0,6.0,0.2,8.0
0,3.0,2023-03-14 11:00:00,86.0,6.0,0.2,10.0
0,3.0,2023-03-14 12:00:00,83.0,5.0,0.2,10.0
0,5.0,2023-03-14 13:00:00,68.0,9.0,0.3841990555757355,22.0
0,7.0,2023-03-14 14:00:00,48.0,12.0,0.3,33.0
0,7.0,2023-03-14 15:00:00,39.0,10.0,0.3,40.0
0,9.0,2023-03-14 16:00:00,26.0,12.0,0.3,49.0
0,12.0,2023-03-14 17:00:00,17.0,15.0,0.4,55.0
0,13.0,2023-03-14 18:00:00,33.0,16.0,0.3,35.0
0,9.0,2023-03-14 19:00:00,46.37114427860696,10.0,0.3,31.0
0,14.0,2023-03-14 20:00:00,28.0,15.0,0.4,38.0
0,22.0,2023-03-14 21:00:00,28.0,24.0,0.4,28.0
0,18.0,2023-03-14 22:00:00,34.0,19.0,0.3,20.0
0,15.0,2023-03-14 23:00:00,35.0,16.0,0.3,20.0
0,15.0,2023-03-15 00:00:00,30.0,16.0,0.3,26.22096317280453
0,15.0,2023-03-15 01:00:00,29.0,17.0,0.3,20.0
0,17.0,2023-03-15 02:00:00,26.0,19.0,0.3,20.0
0,15.0,2023-03-15 03:00:00,25.0,16.0,0.3,17.0
0,12.0,2023-03-15 04:00:00,30.0,13.0,0.3,14.0
0,5.0,2023-03-15 05:00:00,56.0,6.0,0.2,11.0
0,24.457279962546817,2023-03-15 06:00:00,65.0,2.0,0.2,18.0
0,24.457279962546817,2023-03-15 07:00:00,42.0,3.0,0.2,44.0
0,3.0,2023-03-15 08:00:00,40.0,5.0,0.2,43.0
0,24.457279962546817,2023-03-15 09:00:00,64.0,4.0,0.2,27.0
0,24.457279962546817,2023-03-15 10:00:00,69.0,5.0,0.2,22.0
0,2.0,2023-03-15 11:00:00,73.0,7.0,0.2,16.0
0,24.457279962546817,2023-03-15 12:00:00,81.0,6.0,0.2,11.0
0,24.457279962546817,2023-03-15 13:00:00,81.0,4.0,0.3841990555757355,11.0
0,24.457279962546817,2023-03-15 14:00:00,85.0,4.0,0.2,10.0
0,24.457279962546817,2023-03-15 15:00:00,89.0,2.0,0.2,8.0
0,24.457279962546817,2023-03-15 16:00:00,87.0,3.0,0.2,10.0
0,24.457279962546817,2023-03-15 17:00:00,88.0,2.0,0.2,11.0
0,24.457279962546817,2023-03-15 18:00:00,82.0,3.0,0.2,14.0
0,2.0,2023-03-15 19:00:00,46.37114427860696,4.0,0.2,16.0
0,3.0,2023-03-15 20:00:00,71.0,5.0,0.2,20.0
0,5.0,2023-03-15 21:00:00,41.0,10.0,0.3,43.0
0,11.0,2023-03-15 22:00:00,17.0,17.0,0.4,56.0
0,10.0,2023-03-15 23:00:00,31.0,15.0,0.4,37.0
0,11.0,2023-03-16 00:00:00,26.0,14.0,0.4,38.0
0,12.0,2023-03-16 01:00:00,28.0,15.0,0.4,26.22096317280453
0,13.0,2023-03-16 02:00:00,26.0,17.0,0.4,34.0
0,12.0,2023-03-16 03:00:00,29.0,15.0,0.4,26.0
0,12.0,2023-03-16 04:00:00,21.0,15.0,0.4,28.0
0,11.0,2023-03-16 05:00:00,14.0,15.0,0.4,32.0
0,13.0,2023-03-16 06:00:00,4.0,19.0,0.4,47.0
0,13.0,2023-03-16 07:00:00,9.0,23.0,0.4,47.0
0,17.0,2023-03-16 08:00:00,11.0,30.0,0.5,56.0
0,14.0,2023-03-16 09:00:00,40.0,24.0,0.3,38.0
0,6.0,2023-03-16 10:00:00,71.0,9.0,0.2,14.0
0,5.0,2023-03-16 11:00:00,78.0,8.0,0.2,26.22096317280453
0,4.0,2023-03-16 12:00:00,46.37114427860696,6.0,0.3841990555757355,8.0
0,3.0,2023-03-16 13:00:00,91.0,5.0,0.2,6.0
0,3.0,2023-03-16 14:00:00,91.0,5.0,0.2,8.0
0,3.0,2023-03-16 15:00:00,87.0,5.0,0.2,14.0
0,3.0,2023-03-16 16:00:00,93.0,5.0,0.2,11.0
0,3.0,2023-03-16 17:00:00,46.37114427860696,6.0,0.2,13.0
0,3.0,2023-03-16 18:00:00,82.0,6.0,0.2,13.0
0,5.0,2023-03-16 19:00:00,71.0,7.0,0.3,21.0
0,8.0,2023-03-16 20:00:00,44.0,14.0,0.3,41.0
0,15.0,2023-03-16 21:00:00,31.0,21.0,0.5,50.0
0,19.0,2023-03-16 22:00:00,21.0,27.0,0.5,52.0
0,18.0,2023-03-16 23:00:00,27.0,24.0,0.3841990555757355,26.22096317280453
0,21.0,2023-03-17 00:00:00,19.0,27.0,0.5,41.0
0,22.0,2023-03-17 01:00:00,14.0,28.0,0.5,42.0
0,24.0,2023-03-17 02:00:00,15.0,29.0,0.5,37.0
0,19.0,2023-03-17 03:00:00,18.0,22.0,0.5,29.0
0,18.0,2023-03-17 04:00:00,17.0,22.0,0.4,29.0
0,18.0,2023-03-17 05:00:00,11.0,23.0,0.4,36.0
0,16.0,2023-03-17 06:00:00,3.0,21.0,0.4,42.0
0,16.0,2023-03-17 07:00:00,10.0,24.0,0.4,45.0
0,19.0,2023-03-17 08:00:00,17.0,31.0,0.5,45.0
0,20.0,2023-03-17 09:00:00,36.0,30.0,0.4,35.0
0,24.457279962546817,2023-03-17 10:00:00,46.37114427860696,29.09364970197157,0.3841990555757355,26.22096317280453
0,24.457279962546817,2023-03-17 11:00:00,46.37114427860696,29.09364970197157,0.3841990555757355,26.22096317280453
0,11.0,2023-03-17 12:00:00,72.0,18.0,0.3,24.0
0,10.0,2023-03-17 13:00:00,85.0,15.0,0.2,20.0
0,9.0,2023-03-17 14:00:00,85.0,15.0,0.2,22.0
0,10.0,2023-03-17 15:00:00,79.0,18.0,0.3,28.0
0,9.0,2023-03-17 16:00:00,84.0,18.0,0.2,22.0
0,7.0,2023-03-17 17:00:00,46.37114427860696,13.0,0.2,17.0
0,6.0,2023-03-17 18:00:00,76.0,10.0,0.2,21.0
0,8.0,2023-03-17 19:00:00,57.0,13.0,0.3,35.0
0,16.0,2023-03-17 20:00:00,4.0,29.0,0.6,88.0
0,17.0,2023-03-17 21:00:00,37.0,25.0,0.4,50.0
0,24.0,2023-03-17 22:00:00,5.0,37.0,0.8,80.0
0,35.0,2023-03-17 23:00:00,5.0,50.0,0.8,72.0
0,30.0,2023-03-18 00:00:00,7.0,39.0,0.3841990555757355,26.22096317280453
0,30.0,2023-03-18 01:00:00,5.0,39.0,0.6,53.0
0,28.0,2023-03-18 02:00:00,9.0,37.0,0.6,43.0
0,25.0,2023-03-18 03:00:00,12.0,33.0,0.5,37.0
0,22.0,2023-03-18 04:00:00,15.0,30.0,0.5,31.0
0,23.0,2023-03-18 05:00:00,5.0,31.0,0.5,37.0
0,21.0,2023-03-18 06:00:00,10.0,28.0,0.5,34.0
0,21.0,2023-03-18 07:00:00,20.0,29.0,0.4,29.0
0,20.0,2023-03-18 08:00:00,35.0,28.0,0.4,23.0
0,25.0,2023-03-18 09:00:00,49.0,37.0,0.4,27.0
0,22.0,2023-03-18 10:00:00,73.0,33.0,0.3,20.0
0,20.0,2023-03-18 11:00:00,88.0,28.0,0.3,17.0
0,17.0,2023-03-18 12:00:00,104.0,24.0,0.2,13.0
0,9.0,2023-03-18 13:00:00,116.0,14.0,0.2,8.0
0,8.0,2023-03-18 14:00:00,118.0,12.0,0.2,8.0
0,8.0,2023-03-18 15:00:00,117.0,11.0,0.2,9.0
0,8.0,2023-03-18 16:00:00,117.0,10.0,0.2,9.0
0,8.0,2023-03-18 17:00:00,113.0,11.0,0.2,11.0
0,8.0,2023-03-18 18:00:00,46.37114427860696,11.0,0.2,13.0
0,10.0,2023-03-18 19:00:00,100.0,13.0,0.2,19.0
0,13.0,2023-03-18 20:00:00,99.0,17.0,0.3,20.0
0,11.0,2023-03-18 21:00:00,97.0,14.0,0.3,18.0
0,13.0,2023-03-18 22:00:00,75.0,17.0,0.3,31.0
0,16.0,2023-03-18 23:00:00,61.0,19.0,0.4,32.0
0,24.0,2023-03-19 00:00:00,44.0,29.0,0.3841990555757355,26.22096317280453
0,25.0,2023-03-19 01:00:00,31.0,31.0,0.5,37.0
0,29.0,2023-03-19 02:00:00,28.0,35.0,0.5,31.0
0,28.0,2023-03-19 03:00:00,32.0,35.0,0.5,24.0
0,23.0,2023-03-19 04:00:00,33.0,27.0,0.4,22.0
0,20.0,2023-03-19 05:00:00,29.0,24.0,0.4,23.0
0,19.0,2023-03-19 06:00:00,25.0,24.0,0.4,25.0
0,19.0,2023-03-19 07:00:00,33.0,25.0,0.4,18.0
0,20.0,2023-03-19 08:00:00,43.0,25.0,0.4,17.0
0,21.0,2023-03-19 09:00:00,47.0,26.0,0.4,21.0
0,20.0,2023-03-19 10:00:00,76.0,26.0,0.3,18.0
0,11.0,2023-03-19 11:00:00,114.0,16.0,0.2,7.0
