,Unnamed: 0,date,temp,dwpt,rhum,prcp,snow,wdir,wspd,wpgt,pres,tsun,coco,pm10
73,73,2023-02-24 01:00:00,1.5,1.1,97.0,0.0,0.0,318.0,6.5,0.0,1015.9,0.0,5,65.0
74,74,2023-02-24 02:00:00,2.1,1.4,95.0,0.0,0.0,307.0,7.2,0.0,1015.4,0.0,5,46.0
75,75,2023-02-24 03:00:00,2.5,1.6,94.0,0.0,0.0,312.0,7.6,0.0,1014.9,0.0,5,43.0
76,76,2023-02-24 04:00:00,2.9,2.0,94.0,0.0,0.0,323.0,6.8,0.0,1014.3,0.0,5,40.0
77,77,2023-02-24 05:00:00,3.4,2.4,93.0,0.0,0.0,320.0,7.6,0.0,1014.0,0.0,5,33.0
78,78,2023-02-24 06:00:00,3.0,2.1,94.0,0.0,0.0,271.0,8.3,0.0,1014.1,0.0,5,34.0
79,79,2023-02-24 07:00:00,3.3,2.3,93.0,0.0,0.0,290.0,8.3,0.0,1013.6,0.0,5,33.0
80,80,2023-02-24 08:00:00,4.0,3.0,93.0,0.0,0.0,354.0,8.6,0.0,1013.8,0.0,3,32.0
81,81,2023-02-24 09:00:00,6.6,4.1,84.0,0.0,0.0,336.0,13.3,0.0,1013.5,0.0,3,32.0
82,82,2023-02-24 10:00:00,8.3,4.9,79.0,0.0,0.0,304.0,16.6,0.0,1012.9,0.0,3,37.0
83,83,2023-02-24 11:00:00,9.5,5.3,75.0,0.0,0.0,278.0,18.4,0.0,1012.6,0.0,3,46.0
84,84,2023-02-24 12:00:00,10.6,5.6,71.0,0.0,0.0,260.0,19.8,0.0,1011.7,0.0,3,58.0
85,85,2023-02-24 13:00:00,11.0,5.3,68.0,0.0,0.0,257.0,20.5,0.0,1010.5,0.0,3,55.0
86,86,2023-02-24 14:00:00,11.6,4.8,63.0,0.0,0.0,253.0,22.3,0.0,1009.4,0.0,3,43.0
87,87,2023-02-24 15:00:00,11.6,5.0,64.0,0.0,0.0,250.0,20.9,0.0,1008.6,0.0,3,44.0
88,88,2023-02-24 16:00:00,11.2,4.6,64.0,0.0,0.0,250.0,18.4,0.0,1008.0,0.0,3,45.0
89,89,2023-02-24 17:00:00,10.1,4.9,70.0,0.0,0.0,251.0,13.3,0.0,1007.4,0.0,3,41.0
90,90,2023-02-24 18:00:00,8.4,4.8,78.0,0.0,0.0,251.0,11.5,0.0,1007.5,0.0,3,39.0
91,91,2023-02-24 19:00:00,8.1,5.2,82.0,0.0,0.0,253.0,10.8,0.0,1007.7,0.0,3,41.0
92,92,2023-02-24 20:00:00,7.7,5.5,86.0,0.0,0.0,245.0,10.8,0.0,1007.4,0.0,3,38.0
93,93,2023-02-24 21:00:00,7.3,5.3,87.0,0.0,0.0,230.0,12.6,0.0,1007.0,0.0,3,32.0
94,94,2023-02-24 22:00:00,6.9,4.9,87.0,0.0,0.0,221.0,13.3,0.0,1006.6,0.0,3,31.0
95,95,2023-02-24 23:00:00,7.0,4.7,85.0,0.0,0.0,230.0,14.0,0.0,1006.0,0.0,3,27.0
96,96,2023-02-25 00:00:00,6.2,4.4,88.0,0.0,0.0,224.0,12.6,0.0,1005.4,0.0,3,26.0
97,97,2023-02-25 01:00:00,5.8,4.3,90.0,0.0,0.0,221.0,13.3,0.0,1004.5,0.0,3,26.0
98,98,2023-02-25 02:00:00,6.4,4.7,89.0,0.0,0.0,234.0,14.4,0.0,1003.3,0.0,3,24.0
99,99,2023-02-25 03:00:00,7.4,5.2,86.0,0.0,0.0,261.0,16.9,0.0,1002.1,0.0,3,25.0
100,100,2023-02-25 04:00:00,7.7,5.7,87.0,0.0,0.0,281.0,18.7,0.0,1001.2,0.0,3,25.0
101,101,2023-02-25 05:00:00,7.6,5.7,88.0,0.0,0.0,283.0,18.0,0.0,1000.8,0.0,3,28.0
102,102,2023-02-25 06:00:00,7.2,5.5,89.0,0.1,0.0,265.0,18.7,0.0,1000.8,0.0,7,26.0
103,103,2023-02-25 07:00:00,6.4,5.2,92.0,0.0,0.0,345.0,13.0,0.0,1001.1,0.0,3,25.0
104,104,2023-02-25 08:00:00,6.3,5.6,95.0,0.4,0.0,316.0,11.9,0.0,1001.9,0.0,8,32.0
105,105,2023-02-25 09:00:00,6.7,5.6,93.0,0.3,0.0,237.0,11.2,0.0,1002.4,0.0,8,35.0
106,106,2023-02-25 10:00:00,7.4,6.5,94.0,0.4,0.0,202.0,11.2,0.0,1002.3,0.0,8,35.0
107,107,2023-02-25 11:00:00,8.4,7.2,92.0,0.3,0.0,216.0,10.8,0.0,1002.3,0.0,8,36.0
108,108,2023-02-25 12:00:00,9.8,7.9,88.0,0.0,0.0,263.0,13.0,0.0,1001.1,0.0,3,36.0
109,109,2023-02-25 13:00:00,10.0,7.8,86.0,0.5,0.0,286.0,13.7,0.0,1000.6,0.0,8,37.0
110,110,2023-02-25 14:00:00,10.6,8.0,84.0,0.2,0.0,9.0,11.9,0.0,1000.1,0.0,17,40.0
111,111,2023-02-25 15:00:00,9.9,7.7,86.0,1.4,0.0,43.0,8.6,0.0,1000.0,0.0,9,37.0
112,112,2023-02-25 16:00:00,9.3,7.6,89.0,0.8,0.0,89.0,7.9,0.0,1000.1,0.0,17,40.0
113,113,2023-02-25 17:00:00,7.5,5.8,89.0,1.8,0.0,108.0,14.8,0.0,1001.0,0.0,9,43.0
114,114,2023-02-25 18:00:00,5.1,4.1,93.0,3.2,0.0,96.0,12.2,0.0,1002.0,0.0,9,39.0
115,115,2023-02-25 19:00:00,5.2,4.8,97.0,2.5,0.0,42.0,10.4,0.0,1002.8,0.0,9,19.0
116,116,2023-02-25 20:00:00,5.7,4.7,93.0,1.7,0.0,66.0,14.0,0.0,1003.1,0.0,9,7.0
117,117,2023-02-25 21:00:00,4.4,3.8,96.0,1.4,0.0,87.0,12.6,0.0,1003.9,0.0,9,2.0
118,118,2023-02-25 22:00:00,4.6,4.0,96.0,1.2,0.0,86.0,12.6,0.0,1004.2,0.0,9,2.0
119,119,2023-02-25 23:00:00,3.1,3.0,99.0,2.0,0.0,97.0,12.6,0.0,1004.9,0.0,9,29.31784989858012
120,120,2023-02-26 00:00:00,2.3,2.3,100.0,1.4,0.0,116.0,13.0,0.0,1005.6,0.0,9,29.31784989858012
121,121,2023-02-26 01:00:00,1.8,1.8,100.0,1.0,0.0,116.0,14.4,0.0,1005.9,0.0,9,29.31784989858012
122,122,2023-02-26 02:00:00,1.7,1.7,100.0,0.9,0.0,103.0,13.7,0.0,1006.1,0.0,8,29.31784989858012
123,123,2023-02-26 03:00:00,1.7,1.4,98.0,0.8,0.0,79.0,11.9,0.0,1005.5,0.0,8,29.31784989858012
124,124,2023-02-26 04:00:00,1.4,1.3,99.0,0.6,0.0,87.0,12.6,0.0,1005.9,0.0,12,29.31784989858012
125,125,2023-02-26 05:00:00,1.2,0.8,97.0,0.7,0.0,88.0,15.1,0.0,1006.4,0.0,12,29.31784989858012
126,126,2023-02-26 06:00:00,1.0,0.3,95.0,0.6,0.0,92.0,15.1,0.0,1006.7,0.0,12,29.31784989858012
127,127,2023-02-26 07:00:00,0.8,-0.1,94.0,0.4,0.0,96.0,15.5,0.0,1007.5,0.0,12,29.31784989858012
128,128,2023-02-26 08:00:00,1.0,-0.5,90.0,0.4,0.0,93.0,14.8,0.0,1008.1,0.0,12,29.31784989858012
129,129,2023-02-26 09:00:00,1.4,-0.8,85.0,0.1,0.0,101.0,14.0,0.0,1008.7,0.0,12,3.0
130,130,2023-02-26 10:00:00,2.3,-1.7,75.0,0.0,0.0,99.0,13.3,0.0,1008.8,0.0,3,4.0
131,131,2023-02-26 11:00:00,3.2,-3.2,63.0,0.1,0.0,82.0,18.4,0.0,1009.0,0.0,12,5.0
132,132,2023-02-26 12:00:00,3.8,-6.2,48.0,0.0,0.0,66.0,20.9,0.0,1009.3,0.0,3,4.0
133,133,2023-02-26 13:00:00,2.9,-5.0,56.0,0.0,0.0,70.0,22.3,0.0,1009.1,0.0,3,5.0
134,134,2023-02-26 14:00:00,2.9,-5.5,54.0,0.0,0.0,67.0,21.6,0.0,1009.5,0.0,3,5.0
135,135,2023-02-26 15:00:00,2.7,-5.4,55.0,0.0,0.0,67.0,19.1,0.0,1009.8,0.0,3,5.0
136,136,2023-02-26 16:00:00,2.5,-5.2,57.0,0.0,0.0,72.0,18.0,0.0,1010.0,0.0,3,5.0
137,137,2023-02-26 17:00:00,2.1,-4.9,60.0,0.0,0.0,82.0,18.0,0.0,1011.0,0.0,3,4.0
138,138,2023-02-26 18:00:00,1.5,-4.0,67.0,0.2,0.0,89.0,16.9,0.0,1012.4,0.0,14,4.0
139,139,2023-02-26 19:00:00,1.1,-3.6,71.0,0.2,0.0,96.0,17.3,0.0,1013.5,0.0,14,4.0
140,140,2023-02-26 20:00:00,0.7,-3.6,73.0,0.3,0.0,94.0,17.6,0.0,1014.0,0.0,15,5.0
141,141,2023-02-26 21:00:00,0.5,-3.8,73.0,0.3,0.0,94.0,17.6,0.0,1014.5,0.0,15,4.0
142,142,2023-02-26 22:00:00,0.4,-4.2,71.0,0.2,0.0,85.0,16.9,0.0,1015.2,0.0,14,5.0
143,143,2023-02-26 23:00:00,-0.3,-4.4,74.0,0.0,0.0,101.0,14.8,0.0,1016.4,0.0,3,5.0
144,144,2023-02-27 00:00:00,-0.5,-4.7,73.0,0.1,0.0,105.0,13.7,0.0,1017.2,0.0,14,4.0
145,145,2023-02-27 01:00:00,-0.8,-5.0,73.0,0.0,0.0,108.0,13.0,0.0,1017.6,0.0,3,4.0
146,146,2023-02-27 02:00:00,-1.2,-5.4,73.0,0.0,0.0,108.0,12.2,0.0,1018.1,0.0,3,4.0
147,147,2023-02-27 03:00:00,-1.5,-5.7,73.0,0.0,0.0,120.0,11.9,0.0,1018.3,0.0,3,4.0
148,148,2023-02-27 04:00:00,-0.3,-6.7,62.0,0.0,0.0,126.0,12.2,0.0,1018.9,0.0,3,4.0
149,149,2023-02-27 05:00:00,-0.6,-7.0,62.0,0.0,0.0,130.0,12.6,0.0,1019.6,0.0,3,6.0
150,150,2023-02-27 06:00:00,-0.7,-7.1,62.0,0.0,0.0,112.0,13.7,0.0,1020.2,0.0,3,7.0
151,151,2023-02-27 07:00:00,-0.7,-7.1,62.0,0.0,0.0,113.0,13.0,0.0,1020.8,0.0,3,9.0
152,152,2023-02-27 08:00:00,-0.4,-6.8,62.0,0.0,0.0,112.0,12.2,0.0,1021.4,0.0,3,10.0
153,153,2023-02-27 09:00:00,1.1,-7.4,53.0,0.0,0.0,95.0,16.2,0.0,1021.6,0.0,3,14.0
154,154,2023-02-27 10:00:00,2.0,-7.3,50.0,0.0,0.0,84.0,17.3,0.0,1021.6,0.0,3,11.0
155,155,2023-02-27 11:00:00,3.2,-7.3,46.0,0.0,0.0,85.0,20.9,0.0,1021.6,0.0,3,10.0
156,156,2023-02-27 12:00:00,3.8,-7.1,45.0,0.0,0.0,85.0,21.2,0.0,1021.5,0.0,3,12.0
157,157,2023-02-27 13:00:00,4.6,-6.9,43.0,0.0,0.0,81.0,22.0,0.0,1020.7,0.0,3,12.0
158,158,2023-02-27 14:00:00,4.6,-6.3,45.0,0.0,0.0,84.0,21.6,0.0,1021.0,0.0,3,12.0
159,159,2023-02-27 15:00:00,4.1,-6.5,46.0,0.0,0.0,86.0,19.1,0.0,1021.1,0.0,3,13.0
160,160,2023-02-27 16:00:00,3.7,-6.6,47.0,0.0,0.0,88.0,17.6,0.0,1021.2,0.0,3,14.0
161,161,2023-02-27 17:00:00,2.9,-6.5,50.0,0.0,0.0,93.0,15.1,0.0,1021.8,0.0,3,12.0
162,162,2023-02-27 18:00:00,2.0,-6.6,53.0,0.0,0.0,94.0,15.1,0.0,1022.8,0.0,3,15.0
163,163,2023-02-27 19:00:00,1.9,-6.7,53.0,0.0,0.0,98.0,15.5,0.0,1023.9,0.0,3,14.0
164,164,2023-02-27 20:00:00,1.4,-6.2,57.0,0.0,0.0,90.0,15.8,0.0,1024.5,0.0,3,15.0
165,165,2023-02-27 21:00:00,0.9,-6.0,60.0,0.0,0.0,94.0,14.8,0.0,1025.2,0.0,3,15.0
166,166,2023-02-27 22:00:00,0.6,-5.8,62.0,0.0,0.0,90.0,13.7,0.0,1025.8,0.0,3,16.0
167,167,2023-02-27 23:00:00,0.5,-5.9,62.0,0.0,0.0,87.0,12.6,0.0,1026.0,0.0,3,16.0
168,168,2023-02-28 00:00:00,-0.1,-5.3,68.0,0.0,0.0,82.0,11.9,0.0,1026.5,0.0,3,16.0
169,169,2023-02-28 01:00:00,-0.1,-5.3,68.0,0.0,0.0,82.0,11.5,0.0,1026.4,0.0,3,15.0
170,170,2023-02-28 02:00:00,-0.2,-5.6,67.0,0.0,0.0,92.0,11.5,0.0,1026.4,0.0,3,15.0
171,171,2023-02-28 03:00:00,-0.2,-5.6,67.0,0.0,0.0,83.0,11.5,0.0,1026.2,0.0,3,15.0
172,172,2023-02-28 04:00:00,-0.2,-5.4,68.0,0.0,0.0,76.0,11.9,0.0,1026.2,0.0,3,16.0
173,173,2023-02-28 05:00:00,-0.1,-5.1,69.0,0.0,0.0,78.0,11.9,0.0,1026.4,0.0,3,15.0
174,174,2023-02-28 06:00:00,-0.2,-4.8,71.0,0.0,0.0,78.0,13.0,0.0,1026.4,0.0,3,18.0
175,175,2023-02-28 07:00:00,-0.2,-4.5,73.0,0.0,0.0,78.0,13.3,0.0,1026.9,0.0,3,20.0
176,176,2023-02-28 08:00:00,0.0,-4.3,73.0,0.0,0.0,81.0,14.0,0.0,1027.4,0.0,3,22.0
177,177,2023-02-28 09:00:00,0.3,-4.2,72.0,0.0,0.0,77.0,15.5,0.0,1027.6,0.0,3,22.0
178,178,2023-02-28 10:00:00,1.1,-4.0,69.0,0.0,0.0,79.0,17.3,0.0,1027.6,0.0,3,21.0
179,179,2023-02-28 11:00:00,1.9,-4.0,65.0,0.0,0.0,82.0,17.3,0.0,1027.7,0.0,3,21.0
180,180,2023-02-28 12:00:00,2.9,-3.7,62.0,0.0,0.0,83.0,16.9,0.0,1027.3,0.0,3,22.0
181,181,2023-02-28 13:00:00,3.4,-3.6,60.0,0.0,0.0,84.0,16.6,0.0,1026.6,0.0,3,23.0
182,182,2023-02-28 14:00:00,3.8,-3.5,59.0,0.0,0.0,83.0,16.9,0.0,1025.9,0.0,3,23.0
183,183,2023-02-28 15:00:00,3.9,-3.4,59.0,0.0,0.0,86.0,16.9,0.0,1025.3,0.0,3,25.0
184,184,2023-02-28 16:00:00,3.6,-3.0,62.0,0.0,0.0,89.0,16.9,0.0,1025.6,0.0,3,29.0
185,185,2023-02-28 17:00:00,3.0,-3.1,64.0,0.0,0.0,88.0,15.1,0.0,1025.6,0.0,3,28.0
186,186,2023-02-28 18:00:00,2.4,-3.1,67.0,0.0,0.0,86.0,13.7,0.0,1026.1,0.0,3,29.0
187,187,2023-02-28 19:00:00,2.2,-3.1,68.0,0.0,0.0,86.0,13.7,0.0,1026.7,0.0,3,30.0
188,188,2023-02-28 20:00:00,2.2,-3.3,67.0,0.0,0.0,86.0,13.7,0.0,1027.0,0.0,3,28.0
189,189,2023-02-28 21:00:00,1.7,-2.8,72.0,0.0,0.0,84.0,12.2,0.0,1026.9,0.0,3,25.0
190,190,2023-02-28 22:00:00,1.8,-2.7,72.0,0.0,0.0,72.0,12.2,0.0,1026.8,0.0,3,27.0
191,191,2023-02-28 23:00:00,1.6,-2.5,74.0,0.0,0.0,76.0,12.2,0.0,1026.6,0.0,3,27.0
192,192,2023-03-01 00:00:00,1.5,-2.6,74.0,0.0,0.0,76.0,11.9,0.0,1026.6,0.0,3,25.0
193,193,2023-03-01 01:00:00,1.4,-2.7,74.0,0.0,0.0,81.0,11.9,0.0,1026.2,0.0,3,24.0
194,194,2023-03-01 02:00:00,1.4,-3.1,72.0,0.0,0.0,78.0,11.2,0.0,1025.4,0.0,3,31.0
195,195,2023-03-01 03:00:00,1.1,-3.2,73.0,0.0,0.0,115.0,12.2,0.0,1025.1,0.0,3,31.0
196,196,2023-03-01 04:00:00,1.1,-3.2,73.0,0.0,0.0,96.0,13.0,0.0,1024.8,0.0,3,29.0
197,197,2023-03-01 05:00:00,1.1,-3.4,72.0,0.0,0.0,106.0,12.2,0.0,1024.4,0.0,3,27.0
198,198,2023-03-01 06:00:00,1.3,-3.6,70.0,0.0,0.0,122.0,11.9,0.0,1024.3,0.0,3,26.0
199,199,2023-03-01 07:00:00,1.5,-3.2,71.0,0.0,0.0,115.0,13.0,0.0,1024.6,0.0,3,27.0
200,200,2023-03-01 08:00:00,1.8,-3.1,70.0,0.0,0.0,104.0,14.0,0.0,1024.5,0.0,3,27.0
201,201,2023-03-01 09:00:00,2.4,-2.9,68.0,0.0,0.0,91.0,14.4,0.0,1024.6,0.0,3,27.0
202,202,2023-03-01 10:00:00,2.6,-2.5,69.0,0.0,0.0,90.0,15.1,0.0,1024.6,0.0,3,29.0
203,203,2023-03-01 11:00:00,3.0,-2.1,69.0,0.0,0.0,60.0,14.4,0.0,1024.1,0.0,3,30.0
204,204,2023-03-01 12:00:00,4.0,-1.4,68.0,0.0,0.0,70.0,18.0,0.0,1023.3,0.0,3,34.0
205,205,2023-03-01 13:00:00,4.5,-0.9,68.0,0.0,0.0,69.0,18.0,0.0,1022.4,0.0,3,30.0
206,206,2023-03-01 14:00:00,4.2,-0.6,71.0,0.0,0.0,88.0,14.0,0.0,1021.8,0.0,3,26.0
207,207,2023-03-01 15:00:00,4.0,-0.4,73.0,0.0,0.0,104.0,12.6,0.0,1021.6,0.0,3,24.0
208,208,2023-03-01 16:00:00,4.0,0.7,79.0,0.1,0.0,58.0,10.4,0.0,1020.7,0.0,7,19.0
209,209,2023-03-01 17:00:00,3.4,1.6,88.0,0.2,0.0,170.0,7.6,0.0,1020.8,0.0,7,13.0
210,210,2023-03-01 18:00:00,2.7,2.0,95.0,0.3,0.0,181.0,9.0,0.0,1021.1,0.0,8,17.0
211,211,2023-03-01 19:00:00,1.9,1.8,99.0,0.9,0.0,175.0,9.0,0.0,1021.9,0.0,8,16.0
212,212,2023-03-01 20:00:00,1.7,1.6,99.0,0.8,0.0,183.0,9.4,0.0,1022.3,0.0,8,17.0
213,213,2023-03-01 21:00:00,1.6,1.5,99.0,0.8,0.0,182.0,8.6,0.0,1022.5,0.0,8,13.0
214,214,2023-03-01 22:00:00,0.9,0.9,100.0,0.6,0.0,258.0,7.9,0.0,1022.7,0.0,12,9.0
215,215,2023-03-01 23:00:00,1.1,1.0,99.0,0.7,0.0,262.0,5.8,0.0,1022.4,0.0,12,8.0
216,216,2023-03-02 00:00:00,1.2,0.9,98.0,0.2,0.0,222.0,5.0,0.0,1022.1,0.0,12,15.0
217,217,2023-03-02 01:00:00,1.4,1.1,98.0,0.2,0.0,223.0,5.0,0.0,1021.8,0.0,12,22.0
218,218,2023-03-02 02:00:00,1.5,1.2,98.0,0.0,0.0,226.0,4.7,0.0,1021.2,0.0,3,24.0
219,219,2023-03-02 03:00:00,1.7,1.3,97.0,0.0,0.0,197.0,5.4,0.0,1020.7,0.0,3,22.0
220,220,2023-03-02 04:00:00,2.0,1.4,96.0,0.0,0.0,149.0,6.1,0.0,1020.3,0.0,3,22.0
221,221,2023-03-02 05:00:00,2.3,1.7,96.0,0.0,0.0,109.0,6.8,0.0,1020.0,0.0,3,20.0
222,222,2023-03-02 06:00:00,2.5,1.6,94.0,0.0,0.0,167.0,8.3,0.0,1020.0,0.0,3,15.0
223,223,2023-03-02 07:00:00,2.5,1.8,95.0,0.0,0.0,164.0,9.0,0.0,1020.2,0.0,3,18.0
224,224,2023-03-02 08:00:00,2.8,2.1,95.0,0.2,0.0,169.0,9.4,0.0,1020.7,0.0,7,17.0
225,225,2023-03-02 09:00:00,3.1,2.5,96.0,0.3,0.0,191.0,8.3,0.0,1021.0,0.0,8,18.0
226,226,2023-03-02 11:00:00,4.1,2.6,90.0,0.0,0.0,188.0,7.6,0.0,1020.9,0.0,3,29.31784989858012
227,227,2023-03-02 12:00:00,4.6,2.8,88.0,0.0,0.0,184.0,7.9,0.0,1020.9,0.0,3,13.0
228,228,2023-03-02 13:00:00,6.2,3.2,81.0,0.0,0.0,166.0,9.7,0.0,1020.2,0.0,3,13.0
229,229,2023-03-02 14:00:00,6.4,2.8,78.0,0.0,0.0,149.0,9.7,0.0,1019.8,0.0,3,13.0
230,230,2023-03-02 15:00:00,6.8,2.5,74.0,0.0,0.0,151.0,9.0,0.0,1019.4,0.0,3,14.0
231,231,2023-03-02 16:00:00,6.7,2.0,72.0,0.0,0.0,160.0,8.3,0.0,1018.9,0.0,3,15.0
232,232,2023-03-02 17:00:00,6.2,2.3,76.0,0.0,0.0,165.0,7.2,0.0,1018.8,0.0,3,17.0
233,233,2023-03-02 18:00:00,4.6,2.8,88.0,0.0,0.0,211.0,5.8,0.0,1019.2,0.0,3,20.0
234,234,2023-03-02 19:00:00,4.3,2.5,88.0,0.0,0.0,200.0,6.8,0.0,1019.8,0.0,3,23.0
235,235,2023-03-02 20:00:00,4.2,2.2,87.0,0.0,0.0,173.0,7.6,0.0,1020.0,0.0,3,28.0
236,236,2023-03-02 21:00:00,3.9,2.1,88.0,0.0,0.0,157.0,7.6,0.0,1020.2,0.0,3,36.0
237,237,2023-03-02 22:00:00,4.1,1.5,83.0,0.0,0.0,135.0,6.8,0.0,1020.3,0.0,3,37.0
238,238,2023-03-02 23:00:00,3.2,1.6,89.0,0.0,0.0,341.0,2.9,0.0,1020.1,0.0,3,37.0
239,239,2023-03-03 00:00:00,3.0,1.5,90.0,0.0,0.0,331.0,2.5,0.0,1019.8,0.0,3,34.0
240,240,2023-03-03 01:00:00,2.9,1.4,90.0,0.0,0.0,280.0,3.6,0.0,1019.6,0.0,3,33.0
241,241,2023-03-03 02:00:00,2.6,1.3,91.0,0.0,0.0,270.0,3.6,0.0,1019.1,0.0,3,32.0
242,242,2023-03-03 03:00:00,2.1,1.1,93.0,0.0,0.0,275.0,3.6,0.0,1018.5,0.0,3,35.0
243,243,2023-03-03 04:00:00,1.6,1.2,97.0,0.0,0.0,311.0,4.3,0.0,1018.4,0.0,3,35.0
244,244,2023-03-03 05:00:00,1.1,0.7,97.0,0.0,0.0,265.0,4.3,0.0,1018.4,0.0,3,34.0
245,245,2023-03-03 06:00:00,0.7,0.3,97.0,0.0,0.0,326.0,3.6,0.0,1018.3,0.0,5,35.0
246,246,2023-03-03 07:00:00,1.5,0.9,96.0,0.0,0.0,330.0,3.6,0.0,1018.4,0.0,5,37.0
247,247,2023-03-03 08:00:00,2.3,1.4,94.0,0.0,0.0,313.0,4.3,0.0,1018.8,0.0,5,35.0
248,248,2023-03-03 09:00:00,3.2,2.5,95.0,0.0,0.0,316.0,6.1,0.0,1019.2,0.0,3,33.0
249,249,2023-03-03 10:00:00,4.1,2.9,92.0,0.2,0.0,93.0,9.4,0.0,1019.4,0.0,7,32.0
250,250,2023-03-03 11:00:00,4.5,3.2,91.0,0.2,0.0,90.0,9.7,0.0,1019.4,0.0,7,29.0
251,251,2023-03-03 12:00:00,5.2,3.5,89.0,0.0,0.0,72.0,10.4,0.0,1019.4,0.0,3,27.0
252,252,2023-03-03 13:00:00,6.2,3.5,83.0,0.0,0.0,87.0,9.0,0.0,1018.9,0.0,3,27.0
253,253,2023-03-03 14:00:00,6.1,3.3,82.0,0.0,0.0,98.0,10.1,0.0,1019.2,0.0,3,25.0
254,254,2023-03-03 15:00:00,6.8,3.4,79.0,0.0,0.0,56.0,10.4,0.0,1018.7,0.0,3,24.0
255,255,2023-03-03 16:00:00,7.0,3.4,78.0,0.0,0.0,31.0,9.4,0.0,1018.2,0.0,3,24.0
256,256,2023-03-03 17:00:00,6.4,3.6,82.0,0.0,0.0,8.0,7.6,0.0,1018.3,0.0,3,25.0
257,257,2023-03-03 18:00:00,2.9,1.7,92.0,0.0,0.0,359.0,5.4,0.0,1018.7,0.0,3,27.0
258,258,2023-03-03 19:00:00,2.0,0.8,92.0,0.0,0.0,2.0,4.3,0.0,1019.5,0.0,3,35.0
259,259,2023-03-03 20:00:00,1.3,0.3,93.0,0.0,0.0,345.0,4.3,0.0,1020.0,0.0,3,43.0
260,260,2023-03-03 21:00:00,1.8,0.6,92.0,0.0,0.0,341.0,4.0,0.0,1020.3,0.0,1,48.0
261,261,2023-03-03 22:00:00,1.0,0.3,95.0,0.0,0.0,286.0,2.9,0.0,1020.9,0.0,1,44.0
262,262,2023-03-03 23:00:00,0.8,0.2,96.0,0.0,0.0,267.0,4.0,0.0,1021.1,0.0,1,43.0
263,263,2023-03-04 00:00:00,-0.5,-0.9,97.0,0.0,0.0,230.0,4.0,0.0,1021.0,0.0,5,42.0
264,264,2023-03-04 01:00:00,-1.0,-1.4,97.0,0.0,0.0,222.0,3.2,0.0,1021.0,0.0,5,37.0
265,265,2023-03-04 02:00:00,-1.5,-1.8,98.0,0.0,0.0,204.0,3.6,0.0,1020.7,0.0,5,42.0
266,266,2023-03-04 03:00:00,-1.3,-1.6,98.0,0.0,0.0,198.0,3.6,0.0,1020.3,0.0,5,46.0
267,267,2023-03-04 04:00:00,-1.3,-1.6,98.0,0.0,0.0,224.0,3.2,0.0,1020.0,0.0,5,40.0
268,268,2023-03-04 05:00:00,-1.4,-1.7,98.0,0.0,0.0,223.0,2.9,0.0,1020.2,0.0,5,34.0
269,269,2023-03-04 06:00:00,-1.0,-1.6,96.0,0.0,0.0,229.0,2.2,0.0,1020.0,0.0,5,31.0
270,270,2023-03-04 07:00:00,-1.0,-1.6,96.0,0.0,0.0,226.0,2.9,0.0,1020.1,0.0,5,28.0
271,271,2023-03-04 08:00:00,0.2,-0.7,94.0,0.0,0.0,249.0,2.5,0.0,1020.5,0.0,5,27.0
272,272,2023-03-04 09:00:00,1.2,0.8,97.0,0.0,0.0,246.0,4.0,0.0,1020.6,0.0,5,28.0
273,273,2023-03-04 10:00:00,2.5,1.8,95.0,0.0,0.0,217.0,5.0,0.0,1020.2,0.0,5,33.0
274,274,2023-03-04 11:00:00,6.7,3.0,77.0,0.0,0.0,63.0,5.8,0.0,1019.1,0.0,5,34.0
275,275,2023-03-04 12:00:00,9.0,2.6,64.0,0.0,0.0,70.0,6.5,0.0,1018.1,0.0,1,44.0
276,276,2023-03-04 13:00:00,10.3,1.9,56.0,0.0,0.0,51.0,6.1,0.0,1017.0,0.0,1,47.0
277,277,2023-03-04 14:00:00,11.2,1.2,50.0,0.0,0.0,26.0,5.0,0.0,1015.6,0.0,1,42.0
278,278,2023-03-04 15:00:00,11.4,0.2,46.0,0.0,0.0,15.0,5.0,0.0,1014.9,0.0,1,37.0
279,279,2023-03-04 16:00:00,11.4,0.2,46.0,0.0,0.0,38.0,4.3,0.0,1014.1,0.0,1,35.0
280,280,2023-03-04 17:00:00,9.8,3.3,64.0,0.0,0.0,22.0,4.0,0.0,1013.7,0.0,1,27.0
281,281,2023-03-04 18:00:00,7.8,-0.4,56.0,0.0,0.0,46.0,5.8,0.0,1013.9,0.0,2,28.0
282,282,2023-03-04 19:00:00,5.2,-0.4,67.0,0.0,0.0,15.0,5.0,0.0,1014.3,0.0,2,56.0
283,283,2023-03-04 20:00:00,2.2,-1.1,79.0,0.0,0.0,290.0,5.0,0.0,1014.9,0.0,1,59.0
284,284,2023-03-04 21:00:00,1.4,-1.8,79.0,0.0,0.0,265.0,5.0,0.0,1015.7,0.0,1,46.0
285,285,2023-03-04 22:00:00,0.4,-2.3,82.0,0.0,0.0,222.0,3.6,0.0,1016.0,0.0,1,48.0
286,286,2023-03-04 23:00:00,-0.5,-2.7,85.0,0.0,0.0,214.0,3.2,0.0,1016.4,0.0,1,47.0
287,287,2023-03-05 00:00:00,-1.6,-3.2,89.0,0.0,0.0,235.0,3.6,0.0,1016.4,0.0,1,43.0
288,288,2023-03-05 01:00:00,-2.2,-3.6,90.0,0.0,0.0,234.0,3.2,0.0,1016.7,0.0,1,46.0
289,289,2023-03-05 02:00:00,-2.2,-3.9,88.0,0.0,0.0,214.0,3.6,0.0,1016.8,0.0,1,46.0
290,290,2023-03-05 03:00:00,-2.6,-4.2,89.0,0.0,0.0,202.0,5.0,0.0,1016.9,0.0,1,43.0
291,291,2023-03-05 04:00:00,-2.3,-4.0,88.0,0.0,0.0,189.0,5.4,0.0,1016.9,0.0,1,43.0
292,292,2023-03-05 05:00:00,-2.5,-4.2,88.0,0.0,0.0,257.0,5.4,0.0,1017.0,0.0,1,39.0
293,293,2023-03-05 06:00:00,-2.3,-4.0,88.0,0.0,0.0,296.0,4.3,0.0,1016.8,0.0,2,36.0
294,294,2023-03-05 07:00:00,-1.2,-2.6,90.0,0.0,0.0,286.0,4.7,0.0,1017.3,0.0,3,34.0
295,295,2023-03-05 08:00:00,0.7,-1.7,84.0,0.0,0.0,270.0,4.0,0.0,1017.5,0.0,3,36.0
296,296,2023-03-05 09:00:00,2.6,-1.4,75.0,0.0,0.0,17.0,6.1,0.0,1017.3,0.0,3,40.0
297,297,2023-03-05 10:00:00,4.3,-0.7,70.0,0.0,0.0,61.0,9.7,0.0,1016.6,0.0,3,42.0
298,298,2023-03-05 11:00:00,5.6,-0.5,65.0,0.0,0.0,93.0,9.7,0.0,1015.9,0.0,3,29.0
299,299,2023-03-05 12:00:00,5.3,-0.5,66.0,0.0,0.0,65.0,7.9,0.0,1015.4,0.0,3,23.0
300,300,2023-03-05 13:00:00,6.4,-0.6,61.0,0.0,0.0,41.0,6.1,0.0,1014.2,0.0,3,22.0
301,301,2023-03-05 14:00:00,6.7,-0.5,60.0,0.0,0.0,6.0,6.8,0.0,1013.2,0.0,3,24.0
302,302,2023-03-05 15:00:00,6.7,-0.3,61.0,0.0,0.0,2.0,8.6,0.0,1012.7,0.0,3,22.0
303,303,2023-03-05 16:00:00,6.6,-0.4,61.0,0.0,0.0,356.0,6.8,0.0,1011.9,0.0,3,21.0
304,304,2023-03-05 17:00:00,5.2,0.8,73.0,0.0,0.0,338.0,6.8,0.0,1012.0,0.0,3,23.0
305,305,2023-03-05 18:00:00,2.8,-0.1,81.0,0.0,0.0,329.0,5.4,0.0,1012.0,0.0,2,31.0
306,306,2023-03-05 19:00:00,1.1,-0.8,87.0,0.0,0.0,311.0,6.1,0.0,1012.1,0.0,2,44.0
307,307,2023-03-05 20:00:00,0.0,-1.3,91.0,0.0,0.0,294.0,5.0,0.0,1012.0,0.0,2,49.0
308,308,2023-03-05 21:00:00,-0.4,-1.4,93.0,0.0,0.0,240.0,5.4,0.0,1012.0,0.0,3,47.0
309,309,2023-03-05 22:00:00,2.0,-0.3,85.0,0.0,0.0,283.0,4.0,0.0,1011.4,0.0,3,49.0
310,310,2023-03-05 23:00:00,2.2,-0.7,81.0,0.0,0.0,87.0,3.2,0.0,1011.1,0.0,3,53.0
311,311,2023-03-06 00:00:00,2.2,-0.6,82.0,0.0,0.0,58.0,4.7,0.0,1010.8,0.0,3,53.0
312,312,2023-03-06 01:00:00,2.2,-0.9,80.0,0.0,0.0,139.0,4.7,0.0,1010.5,0.0,3,50.0
313,313,2023-03-06 02:00:00,1.0,-0.9,87.0,0.0,0.0,175.0,4.3,0.0,1010.2,0.0,3,43.0
314,314,2023-03-06 03:00:00,0.9,-0.9,88.0,0.0,0.0,147.0,3.6,0.0,1010.2,0.0,3,44.0
315,315,2023-03-06 04:00:00,1.0,-0.9,87.0,0.0,0.0,165.0,4.0,0.0,1009.7,0.0,3,42.0
316,316,2023-03-06 05:00:00,1.1,-0.8,87.0,0.0,0.0,174.0,3.6,0.0,1009.4,0.0,3,45.0
317,317,2023-03-06 06:00:00,0.1,-1.3,90.0,0.0,0.0,170.0,3.6,0.0,1009.0,0.0,3,45.0
318,318,2023-03-06 07:00:00,0.1,-1.0,92.0,0.0,0.0,143.0,3.6,0.0,1008.9,0.0,3,48.0
319,319,2023-03-06 08:00:00,1.9,-0.7,83.0,0.0,0.0,171.0,4.0,0.0,1009.2,0.0,3,56.0
320,320,2023-03-06 09:00:00,4.1,-0.1,74.0,0.0,0.0,191.0,2.5,0.0,1009.0,0.0,3,58.0
321,321,2023-03-06 10:00:00,5.7,0.5,69.0,0.0,0.0,345.0,4.3,0.0,1008.6,0.0,3,62.0
322,322,2023-03-06 11:00:00,5.8,0.7,70.0,0.0,0.0,20.0,5.4,0.0,1008.2,0.0,3,44.0
323,323,2023-03-06 12:00:00,6.7,1.6,70.0,0.0,0.0,25.0,5.0,0.0,1007.6,0.0,3,44.0
324,324,2023-03-06 13:00:00,7.4,2.1,69.0,0.0,0.0,11.0,5.4,0.0,1006.4,0.0,3,44.0
325,325,2023-03-06 14:00:00,8.4,2.8,68.0,0.0,0.0,130.0,8.6,0.0,1005.4,0.0,3,45.0
326,326,2023-03-06 15:00:00,7.7,3.9,77.0,1.4,0.0,218.0,11.2,0.0,1005.5,0.0,9,43.0
327,327,2023-03-06 16:00:00,7.1,3.9,80.0,0.8,0.0,1.0,7.2,0.0,1005.2,0.0,8,32.0
328,328,2023-03-06 17:00:00,6.8,4.5,85.0,0.0,0.0,326.0,6.8,0.0,1005.0,0.0,3,34.0
329,329,2023-03-06 18:00:00,4.5,2.8,89.0,0.0,0.0,314.0,6.1,0.0,1005.2,0.0,3,34.0
330,330,2023-03-06 19:00:00,4.8,2.8,87.0,0.0,0.0,288.0,5.8,0.0,1005.8,0.0,3,36.0
331,331,2023-03-06 20:00:00,5.3,3.1,86.0,0.0,0.0,248.0,5.4,0.0,1006.0,0.0,3,33.0
332,332,2023-03-06 21:00:00,5.5,3.0,84.0,0.0,0.0,219.0,4.0,0.0,1006.2,0.0,3,31.0
333,333,2023-03-06 22:00:00,5.0,3.3,89.0,0.0,0.0,38.0,3.6,0.0,1006.4,0.0,3,32.0
334,334,2023-03-06 23:00:00,3.9,3.3,96.0,0.0,0.0,119.0,2.9,0.0,1006.2,0.0,3,32.0
335,335,2023-03-07 00:00:00,3.7,3.3,97.0,0.3,0.0,123.0,3.6,0.0,1006.1,0.0,8,33.0
336,336,2023-03-07 01:00:00,3.6,3.0,96.0,0.7,0.0,71.0,3.2,0.0,1006.1,0.0,8,29.0
337,337,2023-03-07 02:00:00,3.1,2.7,97.0,1.2,0.0,131.0,3.2,0.0,1006.2,0.0,9,25.0
338,338,2023-03-07 03:00:00,3.1,3.0,99.0,1.1,0.0,137.0,7.2,0.0,1005.7,0.0,9,23.0
339,339,2023-03-07 04:00:00,3.2,2.8,97.0,0.5,0.0,98.0,8.6,0.0,1005.5,0.0,8,23.0
340,340,2023-03-07 05:00:00,3.3,2.9,97.0,0.3,0.0,48.0,6.8,0.0,1005.7,0.0,8,16.0
341,341,2023-03-07 06:00:00,3.5,2.9,96.0,0.1,0.0,60.0,7.9,0.0,1005.9,0.0,7,20.0
342,342,2023-03-07 07:00:00,3.4,2.8,96.0,0.0,0.0,57.0,7.9,0.0,1006.1,0.0,3,22.0
343,343,2023-03-07 08:00:00,3.8,3.2,96.0,0.0,0.0,52.0,6.1,0.0,1006.6,0.0,3,23.0
344,344,2023-03-07 09:00:00,4.4,3.1,91.0,0.0,0.0,112.0,4.0,0.0,1006.8,0.0,3,28.0
345,345,2023-03-07 10:00:00,4.8,3.3,90.0,0.0,0.0,100.0,3.2,0.0,1006.7,0.0,3,31.0
346,346,2023-03-07 11:00:00,5.4,3.6,88.0,0.0,0.0,41.0,4.3,0.0,1006.6,0.0,3,37.0
347,347,2023-03-07 12:00:00,5.9,3.7,86.0,0.0,0.0,19.0,5.8,0.0,1006.1,0.0,3,40.0
348,348,2023-03-07 13:00:00,8.1,4.3,77.0,0.0,0.0,4.0,6.5,0.0,1005.1,0.0,3,42.0
349,349,2023-03-07 14:00:00,10.6,3.2,60.0,0.0,0.0,250.0,14.0,0.0,1003.8,0.0,3,43.0
350,350,2023-03-07 15:00:00,11.8,0.5,46.0,0.0,0.0,238.0,15.8,0.0,1002.8,0.0,3,48.0
351,351,2023-03-07 16:00:00,11.4,-0.1,45.0,0.0,0.0,237.0,16.2,0.0,1002.3,0.0,3,50.0
352,352,2023-03-07 17:00:00,9.9,0.8,53.0,0.0,0.0,246.0,13.0,0.0,1002.3,0.0,3,35.0
353,353,2023-03-07 18:00:00,7.3,1.4,66.0,0.0,0.0,270.0,11.2,0.0,1003.0,0.0,3,23.0
354,354,2023-03-07 19:00:00,5.3,2.1,80.0,0.0,0.0,280.0,7.9,0.0,1003.9,0.0,3,25.0
355,355,2023-03-07 20:00:00,5.6,3.1,84.0,0.0,0.0,275.0,6.8,0.0,1003.9,0.0,3,26.0
356,356,2023-03-07 21:00:00,6.1,3.4,83.0,0.0,0.0,249.0,5.4,0.0,1003.9,0.0,3,29.0
357,357,2023-03-07 22:00:00,5.3,2.8,84.0,2.1,0.0,41.0,7.9,0.0,1004.1,0.0,9,32.0
358,358,2023-03-07 23:00:00,3.9,2.9,93.0,2.1,0.0,330.0,9.4,0.0,1004.1,0.0,9,21.0
359,359,2023-03-08 00:00:00,3.6,2.4,92.0,0.5,0.0,347.0,6.8,0.0,1003.9,0.0,8,35.0
360,360,2023-03-08 01:00:00,4.0,3.0,93.0,0.0,0.0,12.0,6.1,0.0,1004.1,0.0,3,38.0
361,361,2023-03-08 02:00:00,3.8,2.8,93.0,0.2,0.0,99.0,6.8,0.0,1004.4,0.0,7,35.0
362,362,2023-03-08 03:00:00,3.2,2.5,95.0,0.7,0.0,150.0,6.5,0.0,1004.5,0.0,17,19.0
363,363,2023-03-08 04:00:00,3.1,2.4,95.0,0.0,0.0,102.0,6.8,0.0,1004.6,0.0,3,17.0
364,364,2023-03-08 05:00:00,3.6,2.9,95.0,0.0,0.0,149.0,4.3,0.0,1005.1,0.0,3,19.0
365,365,2023-03-08 06:00:00,3.6,2.9,95.0,0.0,0.0,315.0,5.0,0.0,1005.5,0.0,3,21.0
366,366,2023-03-08 07:00:00,2.6,2.0,96.0,0.0,0.0,324.0,4.3,0.0,1006.1,0.0,3,27.0
367,367,2023-03-08 08:00:00,4.4,3.7,95.0,0.0,0.0,333.0,3.2,0.0,1006.6,0.0,3,20.0
368,368,2023-03-08 09:00:00,6.5,4.8,89.0,0.0,0.0,38.0,3.2,0.0,1006.6,0.0,3,13.0
369,369,2023-03-08 10:00:00,8.4,5.1,80.0,0.0,0.0,350.0,7.9,0.0,1006.7,0.0,3,9.0
370,370,2023-03-08 11:00:00,9.9,5.3,73.0,0.0,0.0,257.0,14.4,0.0,1005.9,0.0,3,9.0
371,371,2023-03-08 12:00:00,11.3,4.7,64.0,0.1,0.0,241.0,18.4,0.0,1004.7,0.0,7,9.0
372,372,2023-03-08 13:00:00,12.3,4.5,59.0,0.2,0.0,231.0,20.9,0.0,1003.9,0.0,7,8.0
373,373,2023-03-08 14:00:00,12.8,4.5,57.0,0.0,0.0,238.0,23.0,0.0,1003.3,0.0,3,7.0
374,374,2023-03-08 15:00:00,11.9,4.8,62.0,0.0,0.0,245.0,21.2,0.0,1003.8,0.0,3,7.0
375,375,2023-03-08 16:00:00,12.5,4.5,58.0,0.0,0.0,244.0,21.2,0.0,1003.1,0.0,3,6.0
376,376,2023-03-08 17:00:00,11.2,4.9,65.0,0.0,0.0,253.0,14.4,0.0,1003.6,0.0,3,6.0
377,377,2023-03-08 18:00:00,9.7,5.1,73.0,0.0,0.0,243.0,14.4,0.0,1004.3,0.0,3,6.0
378,378,2023-03-08 19:00:00,9.1,5.6,79.0,0.0,0.0,242.0,13.0,0.0,1004.4,0.0,3,8.0
379,379,2023-03-08 20:00:00,8.6,6.0,84.0,0.0,0.0,262.0,11.9,0.0,1004.8,0.0,3,8.0
380,380,2023-03-08 21:00:00,8.4,6.4,87.0,0.0,0.0,306.0,11.2,0.0,1004.4,0.0,3,8.0
381,381,2023-03-08 22:00:00,7.6,5.9,89.0,0.0,0.0,285.0,11.5,0.0,1004.1,0.0,3,9.0
382,382,2023-03-08 23:00:00,8.0,6.1,88.0,0.0,0.0,270.0,14.0,0.0,1003.8,0.0,3,10.0
383,383,2023-03-09 00:00:00,7.8,5.9,88.0,0.0,0.0,261.0,14.0,0.0,1003.2,0.0,3,9.0
384,384,2023-03-09 01:00:00,8.4,5.9,84.0,0.0,0.0,250.0,15.1,0.0,1003.0,0.0,3,11.0
385,385,2023-03-09 02:00:00,8.2,5.7,84.0,0.0,0.0,228.0,14.0,0.0,1002.9,0.0,3,11.0
386,386,2023-03-09 03:00:00,8.3,5.6,83.0,0.0,0.0,268.0,15.1,0.0,1002.4,0.0,3,7.0
387,387,2023-03-09 04:00:00,9.1,5.8,80.0,0.0,0.0,280.0,15.8,0.0,1002.3,0.0,3,4.0
388,388,2023-03-09 05:00:00,8.6,6.0,84.0,0.0,0.0,271.0,16.9,0.0,1002.0,0.0,3,2.0
389,389,2023-03-09 06:00:00,8.6,6.2,85.0,0.2,0.0,285.0,16.9,0.0,1001.6,0.0,7,29.31784989858012
390,390,2023-03-09 07:00:00,8.7,6.5,86.0,0.1,0.0,299.0,16.6,0.0,1001.8,0.0,7,4.0
391,391,2023-03-09 08:00:00,9.4,7.0,85.0,0.0,0.0,307.0,14.8,0.0,1002.3,0.0,3,4.0
392,392,2023-03-09 09:00:00,10.1,7.7,85.0,0.0,0.0,291.0,14.0,0.0,1002.7,0.0,3,6.0
393,393,2023-03-09 10:00:00,11.4,7.7,78.0,0.0,0.0,284.0,14.4,0.0,1003.4,0.0,3,4.0
394,394,2023-03-09 11:00:00,11.5,7.8,78.0,0.0,0.0,269.0,15.1,0.0,1003.9,0.0,3,5.0
395,395,2023-03-09 12:00:00,11.8,7.9,77.0,0.0,0.0,265.0,16.6,0.0,1004.4,0.0,3,8.0
396,396,2023-03-09 13:00:00,12.6,8.1,74.0,0.1,0.0,272.0,19.4,0.0,1004.6,0.0,7,10.0
397,397,2023-03-09 14:00:00,13.5,7.9,69.0,0.0,0.0,272.0,18.7,0.0,1004.1,0.0,3,8.0
398,398,2023-03-09 15:00:00,14.1,7.4,64.0,0.0,0.0,261.0,16.2,0.0,1003.9,0.0,3,9.0
399,399,2023-03-09 16:00:00,14.0,7.1,63.0,0.0,0.0,249.0,14.0,0.0,1004.0,0.0,3,11.0
400,400,2023-03-09 17:00:00,13.1,7.1,67.0,0.0,0.0,241.0,11.5,0.0,1004.3,0.0,3,15.0
401,401,2023-03-09 18:00:00,10.3,7.4,82.0,0.0,0.0,251.0,6.5,0.0,1005.1,0.0,3,21.0
402,402,2023-03-09 19:00:00,8.9,6.7,86.0,0.0,0.0,243.0,6.1,0.0,1005.8,0.0,2,30.0
403,403,2023-03-09 20:00:00,7.6,6.1,90.0,0.0,0.0,249.0,5.0,0.0,1006.1,0.0,3,37.0
404,404,2023-03-09 21:00:00,6.8,5.6,92.0,0.0,0.0,267.0,6.1,0.0,1006.1,0.0,3,44.0
405,405,2023-03-09 22:00:00,7.0,5.9,93.0,0.0,0.0,260.0,6.8,0.0,1006.1,0.0,3,44.0
406,406,2023-03-09 23:00:00,7.1,6.0,93.0,0.0,0.0,285.0,6.8,0.0,1006.2,0.0,3,44.0
407,407,2023-03-10 00:00:00,6.8,5.9,94.0,0.0,0.0,262.0,5.8,0.0,1005.9,0.0,3,42.0
408,408,2023-03-10 01:00:00,6.3,5.6,95.0,0.0,0.0,249.0,6.1,0.0,1005.1,0.0,3,42.0
409,409,2023-03-10 02:00:00,5.5,4.9,96.0,0.0,0.0,237.0,4.7,0.0,1004.6,0.0,3,42.0
410,410,2023-03-10 03:00:00,5.5,4.9,96.0,0.0,0.0,192.0,5.0,0.0,1003.5,0.0,3,41.0
411,411,2023-03-10 04:00:00,3.9,3.9,100.0,0.0,0.0,342.0,6.1,0.0,1003.1,0.0,3,32.0
412,412,2023-03-10 05:00:00,5.1,4.8,98.0,0.0,0.0,22.0,4.7,0.0,1002.3,0.0,5,33.0
413,413,2023-03-10 06:00:00,5.6,5.0,96.0,0.0,0.0,67.0,6.1,0.0,1001.6,0.0,5,28.0
414,414,2023-03-10 07:00:00,5.6,5.0,96.0,0.0,0.0,60.0,7.2,0.0,1001.1,0.0,5,29.0
415,415,2023-03-10 08:00:00,7.4,6.7,95.0,0.0,0.0,56.0,6.5,0.0,1000.5,0.0,5,33.0
416,416,2023-03-10 09:00:00,9.8,8.2,90.0,0.0,0.0,360.0,10.4,0.0,999.7,0.0,5,33.0
417,417,2023-03-10 10:00:00,11.6,8.8,83.0,0.0,0.0,288.0,13.0,0.0,998.5,0.0,3,38.0
418,418,2023-03-10 11:00:00,13.0,8.7,75.0,0.2,0.0,238.0,17.6,0.0,997.6,0.0,7,22.0
419,419,2023-03-10 12:00:00,12.1,8.6,79.0,1.3,0.0,231.0,15.1,0.0,997.2,0.0,9,17.0
420,420,2023-03-10 13:00:00,12.7,7.8,72.0,0.1,0.0,231.0,18.0,0.0,996.1,0.0,7,9.0
421,421,2023-03-10 14:00:00,13.2,7.8,70.0,0.0,0.0,238.0,15.5,0.0,995.3,0.0,3,10.0
422,422,2023-03-10 15:00:00,13.0,7.4,69.0,0.0,0.0,245.0,14.4,0.0,994.8,0.0,3,8.0
423,423,2023-03-10 16:00:00,12.5,7.6,72.0,0.0,0.0,243.0,12.2,0.0,994.4,0.0,3,7.0
424,424,2023-03-10 17:00:00,11.9,7.8,76.0,0.0,0.0,242.0,10.8,0.0,994.5,0.0,3,8.0
425,425,2023-03-10 18:00:00,10.0,7.6,85.0,0.0,0.0,229.0,9.7,0.0,995.1,0.0,2,8.0
426,426,2023-03-10 19:00:00,9.0,7.1,88.0,0.0,0.0,237.0,11.2,0.0,997.0,0.0,2,9.0
427,427,2023-03-10 20:00:00,8.6,7.1,90.0,0.0,0.0,218.0,9.4,0.0,996.9,0.0,2,10.0
428,428,2023-03-10 21:00:00,8.0,6.8,92.0,0.0,0.0,229.0,10.8,0.0,997.1,0.0,2,11.0
429,429,2023-03-10 22:00:00,7.4,6.3,93.0,0.0,0.0,226.0,11.9,0.0,997.5,0.0,2,10.0
430,430,2023-03-10 23:00:00,6.9,6.2,95.0,0.0,0.0,243.0,10.8,0.0,997.7,0.0,2,18.0
431,431,2023-03-11 00:00:00,7.5,6.8,95.0,0.1,0.0,286.0,7.2,0.0,997.8,0.0,17,22.0
432,432,2023-03-11 01:00:00,6.1,5.5,96.0,0.0,0.0,326.0,5.4,0.0,997.5,0.0,3,21.0
433,433,2023-03-11 02:00:00,6.7,5.6,93.0,0.1,0.0,343.0,6.1,0.0,997.6,0.0,7,22.0
434,434,2023-03-11 03:00:00,6.4,5.2,92.0,0.0,0.0,260.0,6.5,0.0,997.1,0.0,3,22.0
435,435,2023-03-11 04:00:00,5.5,4.6,94.0,0.3,0.0,286.0,6.8,0.0,997.0,0.0,8,17.0
436,436,2023-03-11 05:00:00,4.5,3.9,96.0,0.1,0.0,223.0,5.8,0.0,997.6,0.0,7,12.0
437,437,2023-03-11 06:00:00,5.1,4.2,94.0,0.0,0.0,336.0,6.1,0.0,998.2,0.0,3,14.0
438,438,2023-03-11 07:00:00,5.1,3.8,91.0,0.0,0.0,336.0,7.2,0.0,998.8,0.0,3,19.0
439,439,2023-03-11 08:00:00,6.2,4.0,86.0,0.0,0.0,348.0,7.9,0.0,999.6,0.0,3,19.0
440,440,2023-03-11 09:00:00,7.9,3.9,76.0,0.0,0.0,324.0,6.1,0.0,1000.4,0.0,3,23.0
441,441,2023-03-11 10:00:00,9.2,4.4,72.0,0.0,0.0,4.0,7.9,0.0,1001.2,0.0,3,24.0
442,442,2023-03-11 11:00:00,9.9,4.1,67.0,0.0,0.0,82.0,8.3,0.0,1001.5,0.0,3,12.0
443,443,2023-03-11 12:00:00,10.1,3.4,63.0,0.0,0.0,105.0,9.0,0.0,1001.9,0.0,3,8.0
444,444,2023-03-11 13:00:00,10.7,2.8,58.0,0.0,0.0,101.0,10.4,0.0,1001.9,0.0,3,7.0
445,445,2023-03-11 14:00:00,11.1,2.4,55.0,0.0,0.0,99.0,10.4,0.0,1002.1,0.0,3,6.0
446,446,2023-03-11 15:00:00,10.8,1.9,54.0,0.0,0.0,133.0,14.0,0.0,1002.6,0.0,3,7.0
447,447,2023-03-11 16:00:00,10.6,1.4,53.0,0.0,0.0,119.0,14.0,0.0,1003.2,0.0,2,8.0
448,448,2023-03-11 17:00:00,9.9,1.5,56.0,0.0,0.0,137.0,11.5,0.0,1003.7,0.0,3,6.0
449,449,2023-03-11 18:00:00,7.6,1.7,66.0,0.0,0.0,111.0,10.8,0.0,1005.1,0.0,2,7.0
450,450,2023-03-11 19:00:00,6.4,0.7,67.0,0.0,0.0,76.0,10.1,0.0,1006.9,0.0,2,10.0
451,451,2023-03-11 20:00:00,6.4,2.8,78.0,0.0,0.0,74.0,13.0,0.0,1008.4,0.0,3,10.0
452,452,2023-03-11 21:00:00,6.3,-3.6,49.0,0.0,0.0,81.0,14.4,0.0,1009.6,0.0,3,12.0
453,453,2023-03-11 22:00:00,5.5,-5.5,45.0,0.0,0.0,98.0,15.8,0.0,1010.5,0.0,3,8.0
454,454,2023-03-11 23:00:00,5.1,-6.2,44.0,0.0,0.0,109.0,15.8,0.0,1011.5,0.0,3,6.0
455,455,2023-03-12 00:00:00,4.0,-6.6,46.0,0.0,0.0,109.0,14.8,0.0,1012.6,0.0,3,5.0
456,456,2023-03-12 01:00:00,3.3,-6.7,48.0,0.0,0.0,111.0,13.3,0.0,1013.4,0.0,3,6.0
457,457,2023-03-12 02:00:00,2.4,-6.5,52.0,0.0,0.0,106.0,10.8,0.0,1014.1,0.0,3,5.0
458,458,2023-03-12 03:00:00,0.8,-5.9,61.0,0.0,0.0,91.0,8.6,0.0,1014.6,0.0,3,5.0
459,459,2023-03-12 04:00:00,0.0,-5.4,67.0,0.0,0.0,81.0,7.9,0.0,1015.2,0.0,2,4.0
460,460,2023-03-12 05:00:00,-0.7,-5.5,70.0,0.0,0.0,58.0,7.2,0.0,1015.8,0.0,2,4.0
461,461,2023-03-12 06:00:00,-1.5,-5.7,73.0,0.0,0.0,43.0,7.2,0.0,1016.5,0.0,1,5.0
462,462,2023-03-12 07:00:00,0.3,-4.7,69.0,0.0,0.0,59.0,8.3,0.0,1016.9,0.0,2,7.0
463,463,2023-03-12 08:00:00,2.2,-4.1,63.0,0.0,0.0,55.0,7.2,0.0,1017.8,0.0,2,5.0
464,464,2023-03-12 09:00:00,3.7,-4.3,56.0,0.0,0.0,87.0,10.8,0.0,1018.0,0.0,2,4.0
465,465,2023-03-12 10:00:00,5.0,-3.5,54.0,0.0,0.0,91.0,10.4,0.0,1017.7,0.0,3,5.0
466,466,2023-03-12 11:00:00,6.4,-2.8,52.0,0.0,0.0,65.0,8.6,0.0,1017.6,0.0,3,6.0
467,467,2023-03-12 12:00:00,7.5,-2.5,49.0,0.0,0.0,71.0,9.4,0.0,1017.8,0.0,3,7.0
468,468,2023-03-12 13:00:00,8.5,-2.2,47.0,0.0,0.0,80.0,8.3,0.0,1017.3,0.0,3,6.0
469,469,2023-03-12 14:00:00,9.3,-2.0,45.0,0.0,0.0,96.0,6.8,0.0,1016.4,0.0,3,6.0
470,470,2023-03-12 15:00:00,9.8,-1.6,45.0,0.0,0.0,84.0,5.0,0.0,1016.3,0.0,3,7.0
471,471,2023-03-12 16:00:00,9.7,-1.7,45.0,0.0,0.0,121.0,5.0,0.0,1016.2,0.0,3,7.0
472,472,2023-03-12 17:00:00,9.1,0.3,54.0,0.0,0.0,111.0,5.8,0.0,1016.4,0.0,3,6.0
473,473,2023-03-12 18:00:00,6.1,-0.2,64.0,0.0,0.0,98.0,7.9,0.0,1016.9,0.0,1,10.0
474,474,2023-03-12 19:00:00,4.7,-0.9,67.0,0.0,0.0,111.0,10.4,0.0,1017.6,0.0,1,11.0
475,475,2023-03-12 20:00:00,4.3,-1.3,67.0,0.0,0.0,77.0,7.6,0.0,1018.6,0.0,1,26.0
476,476,2023-03-12 21:00:00,3.4,-1.6,70.0,0.0,0.0,72.0,7.6,0.0,1019.3,0.0,2,35.0
477,477,2023-03-12 22:00:00,3.4,-1.8,69.0,0.0,0.0,102.0,4.7,0.0,1019.5,0.0,1,31.0
478,478,2023-03-12 23:00:00,1.6,-1.8,78.0,0.0,0.0,221.0,4.0,0.0,1019.8,0.0,2,32.0
479,479,2023-03-13 00:00:00,0.7,-1.7,84.0,0.0,0.0,216.0,4.7,0.0,1019.8,0.0,2,31.0
480,480,2023-03-13 01:00:00,0.1,-1.7,88.0,0.0,0.0,204.0,5.4,0.0,1020.1,0.0,3,31.0
481,481,2023-03-13 02:00:00,-0.4,-1.5,92.0,0.0,0.0,216.0,6.5,0.0,1020.0,0.0,3,25.0
482,482,2023-03-13 03:00:00,-0.4,-1.8,90.0,0.0,0.0,211.0,5.8,0.0,1019.6,0.0,3,26.0
483,483,2023-03-13 04:00:00,-0.2,-1.5,91.0,0.0,0.0,232.0,6.5,0.0,1019.6,0.0,3,25.0
484,484,2023-03-13 05:00:00,0.4,-1.8,85.0,0.0,0.0,251.0,6.5,0.0,1019.6,0.0,3,24.0
485,485,2023-03-13 06:00:00,-0.1,-1.7,89.0,0.0,0.0,245.0,6.5,0.0,1019.5,0.0,3,25.0
486,486,2023-03-13 07:00:00,0.4,-1.2,89.0,0.0,0.0,218.0,6.8,0.0,1019.4,0.0,3,27.0
487,487,2023-03-13 08:00:00,3.2,-0.3,78.0,0.0,0.0,225.0,6.1,0.0,1019.2,0.0,3,42.0
488,488,2023-03-13 09:00:00,6.5,1.0,68.0,0.0,0.0,136.0,5.0,0.0,1018.8,0.0,3,48.0
489,489,2023-03-13 10:00:00,9.3,2.2,61.0,0.0,0.0,43.0,8.3,0.0,1018.1,0.0,3,45.0
490,490,2023-03-13 11:00:00,12.9,3.0,51.0,0.0,0.0,260.0,14.8,0.0,1017.0,0.0,2,29.0
491,491,2023-03-13 12:00:00,14.5,3.6,48.0,0.0,0.0,250.0,16.6,0.0,1016.2,0.0,2,25.0
492,492,2023-03-13 13:00:00,15.4,3.8,46.0,0.0,0.0,248.0,20.2,0.0,1015.9,0.0,3,8.0
493,493,2023-03-13 14:00:00,15.4,4.4,48.0,0.0,0.0,252.0,16.9,0.0,1015.0,0.0,3,8.0
494,494,2023-03-13 15:00:00,15.4,4.7,49.0,0.0,0.0,250.0,16.2,0.0,1014.4,0.0,3,8.0
495,495,2023-03-13 16:00:00,14.8,5.6,54.0,0.0,0.0,246.0,17.3,0.0,1013.8,0.0,3,7.0
496,496,2023-03-13 17:00:00,13.6,6.5,62.0,0.0,0.0,259.0,12.2,0.0,1013.4,0.0,3,7.0
497,497,2023-03-13 18:00:00,9.5,4.5,71.0,0.0,0.0,270.0,9.4,0.0,1013.7,0.0,3,7.0
498,498,2023-03-13 19:00:00,7.5,4.3,80.0,0.0,0.0,268.0,8.6,0.0,1014.0,0.0,3,7.0
499,499,2023-03-13 20:00:00,6.5,3.8,83.0,0.0,0.0,272.0,9.7,0.0,1013.6,0.0,3,8.0
500,500,2023-03-13 21:00:00,5.7,3.7,87.0,0.0,0.0,285.0,10.8,0.0,1013.0,0.0,3,8.0
501,501,2023-03-13 22:00:00,6.0,4.2,88.0,0.0,0.0,297.0,10.8,0.0,1012.2,0.0,3,8.0
502,502,2023-03-13 23:00:00,6.5,4.2,85.0,0.0,0.0,297.0,10.1,0.0,1011.5,0.0,3,7.0
503,503,2023-03-14 00:00:00,6.7,4.4,85.0,0.0,0.0,304.0,10.4,0.0,1010.8,0.0,3,5.0
504,504,2023-03-14 01:00:00,6.7,4.5,86.0,0.0,0.0,306.0,10.1,0.0,1009.9,0.0,3,6.0
505,505,2023-03-14 02:00:00,7.3,4.6,83.0,0.0,0.0,324.0,10.8,0.0,1008.8,0.0,3,7.0
506,506,2023-03-14 03:00:00,8.3,4.9,79.0,0.0,0.0,300.0,12.6,0.0,1007.4,0.0,3,6.0
507,507,2023-03-14 04:00:00,7.8,4.7,81.0,0.0,0.0,298.0,14.4,0.0,1007.3,0.0,3,7.0
508,508,2023-03-14 05:00:00,8.5,6.0,84.0,0.0,0.0,262.0,15.5,0.0,1006.8,0.0,3,7.0
509,509,2023-03-14 06:00:00,9.5,6.9,84.0,0.0,0.0,268.0,16.2,0.0,1006.1,0.0,3,8.0
510,510,2023-03-14 07:00:00,9.9,7.3,84.0,0.0,0.0,254.0,15.8,0.0,1005.6,0.0,3,8.0
511,511,2023-03-14 08:00:00,10.4,7.5,82.0,0.0,0.0,257.0,15.1,0.0,1005.4,0.0,3,6.0
512,512,2023-03-14 09:00:00,12.1,7.8,75.0,0.0,0.0,313.0,13.7,0.0,1004.9,0.0,3,5.0
513,513,2023-03-14 10:00:00,12.0,7.7,75.0,0.2,0.0,291.0,13.0,0.0,1004.7,0.0,7,6.0
514,514,2023-03-14 11:00:00,11.9,7.8,76.0,1.0,0.0,265.0,14.0,0.0,1004.4,0.0,9,6.0
515,515,2023-03-14 12:00:00,12.0,8.1,77.0,1.1,0.0,264.0,11.9,0.0,1003.7,0.0,9,5.0
516,516,2023-03-14 13:00:00,11.9,8.4,79.0,0.2,0.0,309.0,9.7,0.0,1002.8,0.0,7,9.0
517,517,2023-03-14 14:00:00,12.4,6.4,67.0,0.2,0.0,226.0,15.5,0.0,1002.7,0.0,7,12.0
518,518,2023-03-14 15:00:00,11.7,7.2,74.0,0.2,0.0,236.0,12.6,0.0,1002.2,0.0,7,10.0
519,519,2023-03-14 16:00:00,11.6,7.7,77.0,0.0,0.0,263.0,10.4,0.0,1001.8,0.0,3,12.0
520,520,2023-03-14 17:00:00,11.0,7.9,81.0,0.0,0.0,290.0,7.6,0.0,1002.0,0.0,3,15.0
521,521,2023-03-14 18:00:00,10.1,7.7,85.0,0.0,0.0,311.0,7.2,0.0,1002.2,0.0,3,16.0
522,522,2023-03-14 19:00:00,9.6,7.7,88.0,0.0,0.0,340.0,7.9,0.0,1002.7,0.0,3,10.0
523,523,2023-03-14 20:00:00,9.0,7.6,91.0,0.0,0.0,305.0,6.8,0.0,1002.9,0.0,3,15.0
524,524,2023-03-14 21:00:00,8.9,7.5,91.0,0.0,0.0,329.0,6.8,0.0,1003.1,0.0,3,24.0
525,525,2023-03-14 22:00:00,8.1,7.5,96.0,1.3,0.0,358.0,5.8,0.0,1003.5,0.0,9,19.0
526,526,2023-03-14 23:00:00,7.7,7.6,99.0,0.9,0.0,83.0,4.3,0.0,1003.5,0.0,8,16.0
527,527,2023-03-15 00:00:00,7.2,6.3,94.0,0.1,0.0,267.0,4.3,0.0,1004.0,0.0,7,16.0
528,528,2023-03-15 01:00:00,6.6,5.5,93.0,0.0,0.0,3.0,5.4,0.0,1004.2,0.0,3,17.0
529,529,2023-03-15 02:00:00,6.5,5.3,92.0,0.0,0.0,85.0,5.4,0.0,1004.8,0.0,3,19.0
530,530,2023-03-15 03:00:00,5.8,4.9,94.0,0.0,0.0,81.0,7.9,0.0,1005.4,0.0,3,16.0
531,531,2023-03-15 04:00:00,5.7,4.0,89.0,0.0,0.0,58.0,7.9,0.0,1006.1,0.0,3,13.0
532,532,2023-03-15 05:00:00,5.8,2.8,81.0,0.0,0.0,81.0,10.8,0.0,1007.0,0.0,3,6.0
533,533,2023-03-15 06:00:00,5.3,3.1,86.0,0.0,0.0,59.0,10.1,0.0,1007.8,0.0,3,2.0
534,534,2023-03-15 07:00:00,5.5,3.0,84.0,0.0,0.0,46.0,7.6,0.0,1008.8,0.0,3,3.0
535,535,2023-03-15 08:00:00,5.7,4.2,90.0,0.2,0.0,309.0,5.0,0.0,1010.0,0.0,7,5.0
536,536,2023-03-15 09:00:00,6.1,4.6,90.0,0.3,0.0,62.0,6.1,0.0,1010.8,0.0,8,4.0
537,537,2023-03-15 10:00:00,6.6,2.7,76.0,0.2,0.0,103.0,10.1,0.0,1011.4,0.0,7,5.0
538,538,2023-03-15 11:00:00,6.8,3.0,77.0,0.0,0.0,109.0,9.7,0.0,1012.1,0.0,3,7.0
539,539,2023-03-15 12:00:00,7.9,2.6,69.0,0.1,0.0,55.0,10.1,0.0,1012.3,0.0,7,6.0
540,540,2023-03-15 13:00:00,9.4,1.8,59.0,0.0,0.0,35.0,8.6,0.0,1012.2,0.0,3,4.0
541,541,2023-03-15 14:00:00,10.2,-0.9,46.0,0.0,0.0,8.0,13.0,0.0,1012.1,0.0,3,4.0
542,542,2023-03-15 15:00:00,10.1,-5.1,34.0,0.0,0.0,11.0,16.2,0.0,1012.4,0.0,3,2.0
543,543,2023-03-15 16:00:00,9.9,-6.5,31.0,0.0,0.0,10.0,14.4,0.0,1012.8,0.0,3,3.0
544,544,2023-03-15 17:00:00,8.9,-5.4,36.0,0.0,0.0,355.0,10.1,0.0,1013.5,0.0,1,2.0
545,545,2023-03-15 18:00:00,5.8,-4.7,47.0,0.0,0.0,335.0,7.2,0.0,1014.3,0.0,1,3.0
546,546,2023-03-15 19:00:00,4.7,-6.5,44.0,0.0,0.0,327.0,8.3,0.0,1015.3,0.0,1,4.0
547,547,2023-03-15 20:00:00,4.3,-8.1,40.0,0.0,0.0,336.0,10.8,0.0,1016.3,0.0,1,5.0
548,548,2023-03-15 21:00:00,1.4,-6.0,58.0,0.0,0.0,301.0,10.1,0.0,1018.1,0.0,1,10.0
549,549,2023-03-15 22:00:00,1.8,-7.0,52.0,0.0,0.0,54.0,5.8,0.0,1018.8,0.0,1,17.0
550,550,2023-03-15 23:00:00,1.3,-7.5,52.0,0.0,0.0,139.0,4.3,0.0,1019.4,0.0,1,15.0
551,551,2023-03-16 00:00:00,0.2,-6.9,59.0,0.0,0.0,129.0,4.7,0.0,1020.1,0.0,1,14.0
552,552,2023-03-16 01:00:00,-0.3,-7.1,60.0,0.0,0.0,112.0,5.0,0.0,1020.3,0.0,3,15.0
553,553,2023-03-16 02:00:00,-0.5,-7.1,61.0,0.0,0.0,152.0,4.7,0.0,1020.8,0.0,3,17.0
554,554,2023-03-16 03:00:00,-0.7,-4.9,73.0,0.0,0.0,149.0,3.6,0.0,1020.9,0.0,3,15.0
555,555,2023-03-16 04:00:00,-0.7,-6.7,64.0,0.0,0.0,163.0,4.0,0.0,1021.0,0.0,3,15.0
556,556,2023-03-16 05:00:00,-1.5,-6.1,71.0,0.0,0.0,203.0,4.0,0.0,1021.8,0.0,3,15.0
557,557,2023-03-16 06:00:00,-1.2,-5.1,75.0,0.0,0.0,225.0,7.2,0.0,1022.4,0.0,3,19.0
558,558,2023-03-16 07:00:00,-1.2,-4.0,81.0,0.0,0.0,130.0,7.9,0.0,1023.0,0.0,2,23.0
559,559,2023-03-16 08:00:00,1.7,-3.0,71.0,0.0,0.0,230.0,3.2,0.0,1023.9,0.0,2,30.0
560,560,2023-03-16 09:00:00,4.4,-3.4,57.0,0.0,0.0,232.0,5.0,0.0,1024.1,0.0,3,24.0
561,561,2023-03-16 10:00:00,6.4,-3.3,50.0,0.0,0.0,214.0,5.0,0.0,1023.9,0.0,2,9.0
562,562,2023-03-16 11:00:00,7.7,-3.5,45.0,0.0,0.0,174.0,6.1,0.0,1023.7,0.0,3,8.0
563,563,2023-03-16 12:00:00,8.6,-3.9,41.0,0.0,0.0,160.0,7.2,0.0,1023.3,0.0,2,6.0
564,564,2023-03-16 13:00:00,9.2,-4.8,37.0,0.0,0.0,155.0,9.7,0.0,1023.1,0.0,2,5.0
565,565,2023-03-16 14:00:00,9.9,-4.9,35.0,0.0,0.0,174.0,9.0,0.0,1022.6,0.0,2,5.0
566,566,2023-03-16 15:00:00,9.8,-5.3,34.0,0.0,0.0,183.0,13.3,0.0,1022.3,0.0,3,5.0
567,567,2023-03-16 16:00:00,9.1,-5.6,35.0,0.0,0.0,167.0,15.1,0.0,1022.3,0.0,2,5.0
568,568,2023-03-16 17:00:00,8.5,-3.7,42.0,0.0,0.0,108.0,7.2,0.0,1022.3,0.0,1,6.0
569,569,2023-03-16 18:00:00,5.7,-4.7,47.0,0.0,0.0,102.0,9.4,0.0,1022.7,0.0,1,6.0
570,570,2023-03-16 19:00:00,3.4,-5.3,53.0,0.0,0.0,131.0,10.1,0.0,1023.6,0.0,1,7.0
571,571,2023-03-16 20:00:00,3.2,-6.2,50.0,0.0,0.0,122.0,7.2,0.0,1024.6,0.0,1,14.0
572,572,2023-03-16 21:00:00,1.9,-6.2,55.0,0.0,0.0,55.0,5.4,0.0,1025.5,0.0,1,21.0
573,573,2023-03-16 22:00:00,0.9,-6.2,59.0,0.0,0.0,62.0,4.0,0.0,1026.0,0.0,1,27.0
574,574,2023-03-16 23:00:00,0.4,-6.7,59.0,0.0,0.0,169.0,3.2,0.0,1026.2,0.0,3,24.0
575,575,2023-03-17 00:00:00,-0.2,-6.8,61.0,0.0,0.0,172.0,3.6,0.0,1026.4,0.0,2,27.0
576,576,2023-03-17 01:00:00,-1.0,-6.8,65.0,0.0,0.0,134.0,4.3,0.0,1026.3,0.0,3,28.0
577,577,2023-03-17 02:00:00,-1.5,-6.8,67.0,0.0,0.0,187.0,3.2,0.0,1026.3,0.0,3,29.0
578,578,2023-03-17 03:00:00,-1.8,-6.7,69.0,0.0,0.0,176.0,4.0,0.0,1025.9,0.0,2,22.0
579,579,2023-03-17 04:00:00,-2.1,-6.8,70.0,0.0,0.0,180.0,2.9,0.0,1025.7,0.0,1,22.0
580,580,2023-03-17 05:00:00,-2.3,-7.0,70.0,0.0,0.0,149.0,4.3,0.0,1025.6,0.0,1,23.0
581,581,2023-03-17 06:00:00,-2.7,-6.9,73.0,0.0,0.0,133.0,4.7,0.0,1025.9,0.0,3,21.0
582,582,2023-03-17 07:00:00,-2.1,-6.1,74.0,0.0,0.0,98.0,4.3,0.0,1025.9,0.0,3,24.0
583,583,2023-03-17 08:00:00,1.0,-4.6,66.0,0.0,0.0,197.0,2.5,0.0,1025.9,0.0,3,31.0
584,584,2023-03-17 09:00:00,4.0,-4.2,55.0,0.0,0.0,24.0,3.6,0.0,1025.8,0.0,3,30.0
585,585,2023-03-17 10:00:00,6.4,-4.4,46.0,0.0,0.0,68.0,4.3,0.0,1025.2,0.0,3,29.31784989858012
586,586,2023-03-17 11:00:00,8.4,-4.4,40.0,0.0,0.0,90.0,4.7,0.0,1024.6,0.0,2,29.31784989858012
587,587,2023-03-17 12:00:00,9.9,-4.5,36.0,0.0,0.0,116.0,4.7,0.0,1023.5,0.0,3,18.0
588,588,2023-03-17 13:00:00,11.0,-3.1,37.0,0.0,0.0,156.0,4.3,0.0,1022.6,0.0,3,15.0
589,589,2023-03-17 14:00:00,11.7,-2.2,38.0,0.0,0.0,131.0,5.4,0.0,1021.6,0.0,3,15.0
590,590,2023-03-17 15:00:00,12.0,-1.5,39.0,0.0,0.0,114.0,7.2,0.0,1020.8,0.0,2,18.0
591,591,2023-03-17 16:00:00,11.7,-1.5,40.0,0.0,0.0,100.0,8.3,0.0,1020.2,0.0,3,18.0
592,592,2023-03-17 17:00:00,8.8,-1.9,47.0,0.0,0.0,59.0,7.2,0.0,1019.9,0.0,3,13.0
593,593,2023-03-17 18:00:00,6.8,-5.2,42.0,0.0,0.0,74.0,7.6,0.0,1020.2,0.0,3,10.0
594,594,2023-03-17 19:00:00,5.0,-5.4,47.0,0.0,0.0,94.0,7.9,0.0,1020.6,0.0,3,13.0
595,595,2023-03-17 20:00:00,3.3,-5.6,52.0,0.0,0.0,141.0,8.3,0.0,1020.8,0.0,3,29.0
596,596,2023-03-17 21:00:00,0.8,-4.4,68.0,0.0,0.0,179.0,7.9,0.0,1020.9,0.0,3,25.0
597,597,2023-03-17 22:00:00,0.4,-3.0,78.0,0.0,0.0,180.0,7.2,0.0,1020.5,0.0,3,37.0
598,598,2023-03-17 23:00:00,-0.6,-2.8,85.0,0.0,0.0,197.0,7.9,0.0,1020.3,0.0,3,50.0
599,599,2023-03-18 00:00:00,-1.1,-2.8,88.0,0.0,0.0,200.0,7.9,0.0,1020.3,0.0,3,39.0
600,600,2023-03-18 01:00:00,-1.5,-2.9,90.0,0.0,0.0,202.0,7.6,0.0,1020.0,0.0,3,39.0
601,601,2023-03-18 02:00:00,-1.8,-3.1,91.0,0.0,0.0,203.0,7.2,0.0,1019.9,0.0,3,37.0
602,602,2023-03-18 03:00:00,-2.1,-3.2,92.0,0.0,0.0,203.0,7.2,0.0,1019.6,0.0,1,33.0
603,603,2023-03-18 04:00:00,-1.4,-2.5,92.0,0.0,0.0,183.0,9.4,0.0,1018.9,0.0,1,30.0
604,604,2023-03-18 05:00:00,-1.7,-2.8,92.0,0.0,0.0,173.0,8.3,0.0,1018.9,0.0,1,31.0
605,605,2023-03-18 06:00:00,-1.9,-3.0,92.0,0.0,0.0,178.0,7.9,0.0,1019.0,0.0,1,28.0
606,606,2023-03-18 07:00:00,-0.9,-2.0,92.0,0.0,0.0,162.0,8.3,0.0,1019.3,0.0,1,29.0
607,607,2023-03-18 08:00:00,2.7,-0.4,80.0,0.0,0.0,90.0,6.1,0.0,1019.5,0.0,1,28.0
608,608,2023-03-18 09:00:00,6.8,1.3,68.0,0.0,0.0,76.0,5.8,0.0,1019.4,0.0,1,37.0
609,609,2023-03-18 10:00:00,10.0,2.6,60.0,0.0,0.0,142.0,9.7,0.0,1018.7,0.0,2,33.0
610,610,2023-03-18 11:00:00,12.6,1.6,47.0,0.0,0.0,241.0,12.2,0.0,1018.1,0.0,1,28.0
611,611,2023-03-18 12:00:00,14.3,0.5,39.0,0.0,0.0,240.0,13.7,0.0,1017.7,0.0,1,24.0
612,612,2023-03-18 13:00:00,15.1,0.5,37.0,0.0,0.0,238.0,13.7,0.0,1017.0,0.0,1,14.0
613,613,2023-03-18 14:00:00,15.2,0.6,37.0,0.0,0.0,233.0,13.0,0.0,1016.4,0.0,2,12.0
614,614,2023-03-18 15:00:00,14.8,0.6,38.0,0.0,0.0,232.0,13.0,0.0,1016.4,0.0,3,11.0
615,615,2023-03-18 16:00:00,13.9,1.2,42.0,0.0,0.0,230.0,11.2,0.0,1016.3,0.0,3,10.0
616,616,2023-03-18 17:00:00,12.4,2.3,50.0,0.0,0.0,229.0,9.4,0.0,1016.5,0.0,3,11.0
617,617,2023-03-18 18:00:00,9.3,1.2,57.0,0.0,0.0,226.0,8.6,0.0,1017.2,0.0,1,11.0
618,618,2023-03-18 19:00:00,4.8,-0.4,69.0,0.0,0.0,227.0,8.6,0.0,1018.3,0.0,1,13.0
619,619,2023-03-18 20:00:00,2.8,-1.0,76.0,0.0,0.0,230.0,7.6,0.0,1018.7,0.0,1,17.0
620,620,2023-03-18 21:00:00,1.9,-1.4,79.0,0.0,0.0,232.0,8.6,0.0,1019.1,0.0,1,14.0
621,621,2023-03-18 22:00:00,0.9,-1.5,84.0,0.0,0.0,236.0,8.6,0.0,1019.5,0.0,1,17.0
622,622,2023-03-18 23:00:00,-0.3,-1.9,89.0,0.0,0.0,226.0,9.4,0.0,1019.4,0.0,1,19.0
623,623,2023-03-19 00:00:00,-0.3,-2.0,88.0,0.0,0.0,221.0,8.6,0.0,1019.0,0.0,2,29.0
624,624,2023-03-19 01:00:00,-0.7,-2.3,89.0,0.0,0.0,210.0,9.0,0.0,1019.0,0.0,3,31.0
625,625,2023-03-19 02:00:00,-0.8,-2.5,88.0,0.0,0.0,230.0,9.0,0.0,1019.3,0.0,3,35.0
626,626,2023-03-19 03:00:00,-0.5,-2.6,86.0,0.0,0.0,253.0,8.3,0.0,1019.1,0.0,3,35.0
627,627,2023-03-19 04:00:00,-0.8,-2.5,88.0,0.0,0.0,232.0,7.9,0.0,1018.9,0.0,3,27.0
628,628,2023-03-19 05:00:00,-0.2,-3.2,80.0,0.0,0.0,208.0,7.6,0.0,1019.3,0.0,3,24.0
629,629,2023-03-19 06:00:00,0.5,-3.4,75.0,0.0,0.0,208.0,7.2,0.0,1019.1,0.0,3,24.0
630,630,2023-03-19 07:00:00,1.3,-2.6,75.0,0.0,0.0,210.0,7.2,0.0,1019.4,0.0,3,25.0
631,631,2023-03-19 08:00:00,3.7,-0.9,72.0,0.0,0.0,198.0,7.6,0.0,1019.6,0.0,3,25.0
632,632,2023-03-19 09:00:00,7.6,0.8,62.0,0.0,0.0,104.0,7.2,0.0,1019.9,0.0,3,26.0
633,633,2023-03-19 10:00:00,11.2,1.2,50.0,0.0,0.0,237.0,12.6,0.0,1019.5,0.0,3,26.0
634,634,2023-03-19 11:00:00,14.0,0.9,41.0,0.0,0.0,253.0,16.6,0.0,1019.1,0.0,3,16.0
635,635,2023-03-19 12:00:00,14.8,2.0,42.0,0.0,0.0,253.0,16.9,0.0,1018.7,0.0,3,12.0
636,636,2023-03-19 13:00:00,14.6,2.8,45.0,0.0,0.0,250.0,17.3,0.0,1018.2,0.0,3,10.0
637,637,2023-03-19 14:00:00,14.5,3.6,48.0,0.0,0.0,254.0,16.6,0.0,1017.7,0.0,3,11.0
638,638,2023-03-19 15:00:00,14.9,4.8,51.0,0.0,0.0,246.0,19.1,0.0,1017.2,0.0,3,9.0
639,639,2023-03-19 16:00:00,14.2,4.8,53.0,0.0,0.0,241.0,17.3,0.0,1016.9,0.0,3,7.0
640,640,2023-03-19 17:00:00,12.6,5.3,61.0,0.0,0.0,236.0,13.7,0.0,1017.2,0.0,3,9.0
641,641,2023-03-19 18:00:00,11.0,5.5,69.0,0.0,0.0,236.0,13.3,0.0,1017.9,0.0,3,10.0
642,642,2023-03-19 19:00:00,10.0,6.2,77.0,0.0,0.0,250.0,13.0,0.0,1018.7,0.0,3,11.0
643,643,2023-03-19 20:00:00,8.7,5.6,81.0,0.0,0.0,265.0,10.8,0.0,1019.3,0.0,3,13.0
644,644,2023-03-19 21:00:00,8.4,5.7,83.0,0.0,0.0,269.0,10.1,0.0,1019.6,0.0,3,15.0
645,645,2023-03-19 22:00:00,7.8,5.6,86.0,0.0,0.0,268.0,9.4,0.0,1019.7,0.0,3,15.0
646,646,2023-03-19 23:00:00,7.0,5.3,89.0,0.0,0.0,257.0,8.6,0.0,1019.7,0.0,3,12.0
647,647,2023-03-20 00:00:00,6.9,5.2,89.0,0.0,0.0,231.0,8.3,0.0,1019.6,0.0,3,13.0
648,648,2023-03-20 01:00:00,4.9,4.0,94.0,0.0,0.0,247.0,7.9,0.0,1019.6,0.0,3,12.0
649,649,2023-03-20 02:00:00,5.1,4.1,93.0,0.0,0.0,240.0,7.2,0.0,1019.5,0.0,3,11.0
650,650,2023-03-20 03:00:00,5.4,4.4,93.0,0.0,0.0,253.0,6.8,0.0,1019.3,0.0,3,12.0
651,651,2023-03-20 04:00:00,5.9,4.7,92.0,0.2,0.0,253.0,6.5,0.0,1019.1,0.0,7,15.0
652,652,2023-03-20 05:00:00,5.7,4.7,93.0,0.2,0.0,253.0,6.5,0.0,1018.8,0.0,7,15.0
653,653,2023-03-20 06:00:00,4.8,4.2,96.0,0.0,0.0,264.0,5.8,0.0,1019.5,0.0,3,19.0
654,654,2023-03-20 07:00:00,5.1,4.5,96.0,0.0,0.0,276.0,4.3,0.0,1019.9,0.0,3,29.0
655,655,2023-03-20 08:00:00,6.1,4.9,92.0,0.0,0.0,151.0,3.6,0.0,1020.3,0.0,3,33.0
656,656,2023-03-20 09:00:00,8.0,6.0,87.0,0.0,0.0,135.0,3.2,0.0,1020.5,0.0,3,31.0
657,657,2023-03-20 10:00:00,10.2,6.3,77.0,0.0,0.0,223.0,5.0,0.0,1020.3,0.0,3,27.0
658,658,2023-03-20 11:00:00,10.3,6.3,76.0,0.0,0.0,66.0,3.2,0.0,1020.4,0.0,3,24.0
659,659,2023-03-20 12:00:00,12.1,5.9,66.0,0.0,0.0,43.0,4.3,0.0,1019.9,0.0,3,22.0
660,660,2023-03-20 13:00:00,13.8,5.9,59.0,0.0,0.0,32.0,6.5,0.0,1019.0,0.0,3,22.0
661,661,2023-03-20 14:00:00,14.3,5.6,56.0,0.0,0.0,21.0,6.8,0.0,1018.4,0.0,3,25.0
662,662,2023-03-20 15:00:00,14.9,5.9,55.0,0.0,0.0,36.0,7.6,0.0,1017.6,0.0,3,44.0
663,663,2023-03-20 16:00:00,14.5,5.8,56.0,0.0,0.0,115.0,8.3,0.0,1017.7,0.0,3,52.0
664,664,2023-03-20 17:00:00,13.7,7.2,65.0,0.0,0.0,135.0,6.5,0.0,1017.9,0.0,3,46.0
665,665,2023-03-20 18:00:00,10.8,6.7,76.0,0.0,0.0,150.0,9.4,0.0,1018.3,0.0,3,54.0
666,666,2023-03-20 19:00:00,9.2,5.6,78.0,0.0,0.0,160.0,5.8,0.0,1018.9,0.0,2,49.0
667,667,2023-03-20 20:00:00,8.7,5.3,79.0,0.0,0.0,123.0,5.0,0.0,1019.2,0.0,2,66.0
668,668,2023-03-20 21:00:00,7.4,5.4,87.0,0.0,0.0,118.0,3.2,0.0,1019.1,0.0,2,67.0
669,669,2023-03-20 22:00:00,6.7,4.9,88.0,0.0,0.0,331.0,4.3,0.0,1019.5,0.0,1,55.0
670,670,2023-03-20 23:00:00,6.1,4.4,89.0,0.0,0.0,225.0,4.0,0.0,1019.5,0.0,1,56.0
671,671,2023-03-21 00:00:00,4.7,3.8,94.0,0.0,0.0,212.0,4.7,0.0,1019.6,0.0,1,57.0
672,672,2023-03-21 01:00:00,4.5,3.8,95.0,0.0,0.0,241.0,4.3,0.0,1019.4,0.0,1,53.0
673,673,2023-03-21 02:00:00,3.2,2.8,97.0,0.0,0.0,273.0,5.0,0.0,1019.3,0.0,1,46.0
674,674,2023-03-21 03:00:00,2.1,1.7,97.0,0.0,0.0,263.0,5.0,0.0,1019.0,0.0,2,43.0
675,675,2023-03-21 04:00:00,1.6,1.0,96.0,0.0,0.0,244.0,5.4,0.0,1018.9,0.0,3,41.0
676,676,2023-03-21 05:00:00,1.7,1.0,95.0,0.0,0.0,230.0,4.3,0.0,1018.9,0.0,3,41.0
677,677,2023-03-21 06:00:00,1.5,0.8,95.0,0.0,0.0,249.0,4.0,0.0,1019.0,0.0,2,41.0
678,678,2023-03-21 07:00:00,2.9,1.9,93.0,0.0,0.0,249.0,4.3,0.0,1019.5,0.0,2,42.0
679,679,2023-03-21 08:00:00,5.9,3.6,85.0,0.0,0.0,239.0,2.2,0.0,1019.7,0.0,2,47.0
680,680,2023-03-21 09:00:00,8.9,4.9,76.0,0.0,0.0,296.0,2.2,0.0,1019.7,0.0,2,59.0
681,681,2023-03-21 10:00:00,12.0,5.8,66.0,0.0,0.0,288.0,3.6,0.0,1019.4,0.0,2,47.0
682,682,2023-03-21 11:00:00,14.3,6.1,58.0,0.0,0.0,27.0,5.4,0.0,1018.5,0.0,1,32.0
683,683,2023-03-21 12:00:00,15.7,6.1,53.0,0.0,0.0,79.0,5.8,0.0,1017.5,0.0,1,30.0
684,684,2023-03-21 13:00:00,16.6,5.8,49.0,0.0,0.0,1.0,5.8,0.0,1016.6,0.0,2,17.0
685,685,2023-03-21 14:00:00,16.6,5.2,47.0,0.0,0.0,50.0,3.2,0.0,1015.9,0.0,2,12.0
686,686,2023-03-21 15:00:00,16.7,5.0,46.0,0.0,0.0,96.0,6.8,0.0,1015.4,0.0,3,9.0
687,687,2023-03-21 16:00:00,16.3,5.9,50.0,0.0,0.0,118.0,7.9,0.0,1014.6,0.0,2,11.0
688,688,2023-03-21 17:00:00,15.3,8.8,65.0,0.0,0.0,103.0,5.8,0.0,1014.4,0.0,1,16.0
689,689,2023-03-21 18:00:00,11.7,6.6,71.0,0.0,0.0,82.0,7.9,0.0,1014.5,0.0,1,22.0
690,690,2023-03-21 19:00:00,10.6,5.4,70.0,0.0,0.0,96.0,8.3,0.0,1015.3,0.0,1,35.0
691,691,2023-03-21 20:00:00,9.0,4.8,75.0,0.0,0.0,71.0,5.0,0.0,1016.1,0.0,1,25.0
692,692,2023-03-21 21:00:00,7.6,4.4,80.0,0.0,0.0,55.0,5.4,0.0,1016.5,0.0,1,35.0
693,693,2023-03-21 22:00:00,6.6,3.9,83.0,0.0,0.0,209.0,5.4,0.0,1016.9,0.0,2,45.0
694,694,2023-03-21 23:00:00,5.9,3.7,86.0,0.0,0.0,220.0,5.0,0.0,1017.0,0.0,3,51.0
695,695,2023-03-22 00:00:00,4.7,3.2,90.0,0.0,0.0,218.0,5.8,0.0,1017.1,0.0,3,43.0
696,696,2023-03-22 01:00:00,3.7,2.7,93.0,0.0,0.0,206.0,6.1,0.0,1016.9,0.0,2,44.0
697,697,2023-03-22 02:00:00,2.8,2.1,95.0,0.0,0.0,204.0,4.7,0.0,1016.8,0.0,2,35.0
698,698,2023-03-22 03:00:00,2.2,1.6,96.0,0.0,0.0,210.0,4.7,0.0,1016.6,0.0,2,32.0
699,699,2023-03-22 04:00:00,1.8,1.2,96.0,0.0,0.0,201.0,4.7,0.0,1016.4,0.0,2,35.0
700,700,2023-03-22 05:00:00,1.8,1.1,95.0,0.0,0.0,210.0,4.0,0.0,1016.6,0.0,2,36.0
701,701,2023-03-22 06:00:00,1.8,0.9,94.0,0.0,0.0,215.0,3.6,0.0,1016.8,0.0,5,34.0
702,702,2023-03-22 07:00:00,3.2,2.2,93.0,0.0,0.0,226.0,3.6,0.0,1017.3,0.0,5,38.0
703,703,2023-03-22 08:00:00,6.3,3.8,84.0,0.0,0.0,238.0,1.8,0.0,1017.6,0.0,3,43.0
704,704,2023-03-22 09:00:00,9.0,5.0,76.0,0.0,0.0,269.0,1.8,0.0,1017.5,0.0,3,48.0
705,705,2023-03-22 10:00:00,12.0,6.1,67.0,0.0,0.0,48.0,2.9,0.0,1017.1,0.0,3,49.0
706,706,2023-03-22 11:00:00,14.9,7.2,60.0,0.0,0.0,80.0,4.3,0.0,1016.4,0.0,3,38.0
707,707,2023-03-22 12:00:00,17.2,7.5,53.0,0.0,0.0,141.0,4.7,0.0,1015.5,0.0,3,41.0
708,708,2023-03-22 13:00:00,18.7,7.8,49.0,0.0,0.0,214.0,7.2,0.0,1014.6,0.0,1,37.0
709,709,2023-03-22 14:00:00,19.6,7.7,46.0,0.0,0.0,257.0,10.4,0.0,1013.6,0.0,2,21.0
710,710,2023-03-22 15:00:00,19.8,7.2,44.0,0.0,0.0,245.0,11.5,0.0,1013.1,0.0,2,21.0
711,711,2023-03-22 16:00:00,18.9,6.7,45.0,0.0,0.0,237.0,12.2,0.0,1012.9,0.0,2,20.0
712,712,2023-03-22 17:00:00,17.1,7.4,53.0,0.0,0.0,233.0,9.7,0.0,1013.3,0.0,1,17.0
713,713,2023-03-22 18:00:00,14.2,7.0,62.0,0.0,0.0,223.0,9.7,0.0,1013.9,0.0,1,18.0
714,714,2023-03-22 19:00:00,12.1,6.6,69.0,0.0,0.0,231.0,9.7,0.0,1014.4,0.0,1,19.0
715,715,2023-03-22 20:00:00,10.1,6.8,80.0,0.0,0.0,234.0,8.3,0.0,1015.1,0.0,1,34.0
716,716,2023-03-22 21:00:00,8.2,6.2,87.0,0.0,0.0,219.0,8.3,0.0,1015.3,0.0,1,30.0
717,717,2023-03-22 22:00:00,6.6,4.4,86.0,0.0,0.0,232.0,8.6,0.0,1015.7,0.0,1,25.0
718,718,2023-03-22 23:00:00,5.5,4.1,91.0,0.0,0.0,237.0,9.0,0.0,1016.1,0.0,1,22.0
719,719,2023-03-23 00:00:00,4.7,3.7,93.0,0.0,0.0,222.0,9.0,0.0,1015.8,0.0,1,30.0
720,720,2023-03-23 01:00:00,4.5,3.5,93.0,0.0,0.0,222.0,8.6,0.0,1015.9,0.0,1,34.0
721,721,2023-03-23 02:00:00,4.2,3.0,92.0,0.0,0.0,227.0,8.3,0.0,1015.7,0.0,1,36.0
722,722,2023-03-23 03:00:00,3.8,2.3,90.0,0.0,0.0,228.0,8.6,0.0,1015.3,0.0,2,35.0
723,723,2023-03-23 04:00:00,3.8,2.3,90.0,0.0,0.0,229.0,8.3,0.0,1015.1,0.0,2,32.0
724,724,2023-03-23 05:00:00,3.8,2.2,89.0,0.0,0.0,247.0,7.6,0.0,1015.1,0.0,2,33.0
725,725,2023-03-23 06:00:00,3.2,1.9,91.0,0.0,0.0,230.0,7.9,0.0,1015.4,0.0,3,35.0
726,726,2023-03-23 07:00:00,4.4,2.9,90.0,0.0,0.0,247.0,8.3,0.0,1015.7,0.0,3,38.0
727,727,2023-03-23 08:00:00,7.9,4.5,79.0,0.0,0.0,13.0,6.1,0.0,1016.0,0.0,3,49.0
728,728,2023-03-23 09:00:00,11.4,6.3,71.0,0.0,0.0,46.0,4.7,0.0,1015.9,0.0,3,42.0
729,729,2023-03-23 10:00:00,14.9,7.4,61.0,0.0,0.0,112.0,9.7,0.0,1015.4,0.0,3,29.31784989858012
